<?xml version="1.0" encoding="UTF-8"?>
<kml xmlns="http://www.opengis.net/kml/2.2">
  <Document>
    <name>US Military Tracker</name>
    <description>Generated: 2026-10-06T00:40:42Z | Chairman: ollama | Score: 0.00</description>
    <Style id="usaf">
      <IconStyle>
        <color>ff00aa00</color>
        <scale>1.1</scale>
        <Icon>
          <href>http://maps.google.com/mapfiles/kml/paddle/grn-blank.png</href>
        </Icon>
      </IconStyle>
      <LabelStyle>
        <color>ff00aa00</color>
        <scale>0.75</scale>
      </LabelStyle>
    </Style>
    <Style id="usn">
      <IconStyle>
        <color>ffff0000</color>
        <scale>1.1</scale>
        <Icon>
          <href>http://maps.google.com/mapfiles/kml/paddle/blu-blank.png</href>
        </Icon>
      </IconStyle>
      <LabelStyle>
        <color>ffff0000</color>
        <scale>0.75</scale>
      </LabelStyle>
    </Style>
    <Style id="usmc">
      <IconStyle>
        <color>ff00aaff</color>
        <scale>1.1</scale>
        <Icon>
          <href>http://maps.google.com/mapfiles/kml/paddle/ylw-blank.png</href>
        </Icon>
      </IconStyle>
      <LabelStyle>
        <color>ff00aaff</color>
        <scale>0.75</scale>
      </LabelStyle>
    </Style>
    <Style id="uscg">
      <IconStyle>
        <color>ff0055ff</color>
        <scale>1.0</scale>
        <Icon>
          <href>http://maps.google.com/mapfiles/kml/paddle/orange-blank.png</href>
        </Icon>
      </IconStyle>
      <LabelStyle>
        <color>ff0055ff</color>
        <scale>0.75</scale>
      </LabelStyle>
    </Style>
    <Style id="aircraft">
      <IconStyle>
        <color>ffffffff</color>
        <scale>0.9</scale>
        <Icon>
          <href>http://maps.google.com/mapfiles/kml/paddle/wht-blank.png</href>
        </Icon>
      </IconStyle>
      <LabelStyle>
        <color>ffffffff</color>
        <scale>0.7</scale>
      </LabelStyle>
    </Style>
    <Style id="vessel">
      <IconStyle>
        <color>ffff5500</color>
        <scale>1.2</scale>
        <Icon>
          <href>http://maps.google.com/mapfiles/kml/paddle/blu-blank.png</href>
        </Icon>
      </IconStyle>
      <LabelStyle>
        <color>ffff5500</color>
        <scale>0.75</scale>
      </LabelStyle>
    </Style>
    <Style id="base">
      <IconStyle>
        <color>ff0055ff</color>
        <scale>1.1</scale>
        <Icon>
          <href>http://maps.google.com/mapfiles/kml/paddle/orange-blank.png</href>
        </Icon>
      </IconStyle>
      <LabelStyle>
        <color>ff0055ff</color>
        <scale>0.75</scale>
      </LabelStyle>
    </Style>
    <Style id="event">
      <IconStyle>
        <color>ff0000ff</color>
        <scale>1.3</scale>
        <Icon>
          <href>http://maps.google.com/mapfiles/kml/paddle/red-stars.png</href>
        </Icon>
      </IconStyle>
      <LabelStyle>
        <color>ff0000ff</color>
        <scale>0.8</scale>
      </LabelStyle>
    </Style>
    <Style id="news">
      <IconStyle>
        <color>ffffff00</color>
        <scale>0.9</scale>
        <Icon>
          <href>http://maps.google.com/mapfiles/kml/paddle/ltblu-blank.png</href>
        </Icon>
      </IconStyle>
      <LabelStyle>
        <color>ffffff00</color>
        <scale>0.7</scale>
      </LabelStyle>
    </Style>
    <Style id="intel">
      <IconStyle>
        <color>ff880088</color>
        <scale>1.0</scale>
        <Icon>
          <href>http://maps.google.com/mapfiles/kml/paddle/purple-blank.png</href>
        </Icon>
      </IconStyle>
      <LabelStyle>
        <color>ff880088</color>
        <scale>0.75</scale>
      </LabelStyle>
    </Style>
    <Folder>
      <name>Aircraft (199 tracked)</name>
      <Folder>
        <name>Unknown</name>
        <Placemark>
          <name>GH67 (H-60 Black Hawk)</name>
          <styleUrl>#aircraft</styleUrl>
          <description>Type: H-60 Black Hawk&#xA;Callsign: GH67&#xA;Hex: ae4d47&#xA;Altitude: 0 ft&#xA;Speed: 0.0 kts&#xA;Heading: 0.0&#xA;Source: adsb.lol</description>
          <Point>
            <coordinates>-117.498724,33.328342,0</coordinates>
          </Point>
        </Placemark>
        <Placemark>
          <name>MAGMA08 (H-60 Black Hawk)</name>
          <styleUrl>#aircraft</styleUrl>
          <description>Type: H-60 Black Hawk&#xA;Callsign: MAGMA08&#xA;Hex: ae51b1&#xA;Altitude: -50 ft&#xA;Speed: 40.0 kts&#xA;Heading: 271.4&#xA;Source: adsb.lol</description>
          <Point>
            <coordinates>-81.150793,32.012391,-50</coordinates>
          </Point>
        </Placemark>
        <Placemark>
          <name>CATS95 (BE20)</name>
          <styleUrl>#aircraft</styleUrl>
          <description>Type: BE20&#xA;Callsign: CATS95&#xA;Hex: ae0878&#xA;Altitude: 10900 ft&#xA;Speed: 276.6 kts&#xA;Heading: 126.6&#xA;Source: adsb.lol</description>
          <Point>
            <coordinates>127.350185,36.804339,10900</coordinates>
          </Point>
        </Placemark>
        <Placemark>
          <name>TEST1234 (TWR)</name>
          <styleUrl>#aircraft</styleUrl>
          <description>Type: TWR&#xA;Callsign: TEST1234&#xA;Hex: 400006&#xA;Altitude: 0 ft&#xA;Speed: 0.0 kts&#xA;Heading: 0.0&#xA;Source: adsb.lol</description>
          <Point>
            <coordinates>0,0,0</coordinates>
          </Point>
        </Placemark>
        <Placemark>
          <name>EMYU80 (EC35)</name>
          <styleUrl>#aircraft</styleUrl>
          <description>Type: EC35&#xA;Callsign: EMYU80&#xA;Hex: 7cfa11&#xA;Altitude: 650 ft&#xA;Speed: 58.6 kts&#xA;Heading: 277.9&#xA;Source: adsb.lol</description>
          <Point>
            <coordinates>150.5646,-34.950256,650</coordinates>
          </Point>
        </Placemark>
        <Placemark>
          <name>a82420 (C208)</name>
          <styleUrl>#aircraft</styleUrl>
          <description>Type: C208&#xA;Hex: a82420&#xA;Altitude: 0 ft&#xA;Speed: 0.0 kts&#xA;Heading: 0.0&#xA;Source: adsb.lol</description>
          <Point>
            <coordinates>0,0,0</coordinates>
          </Point>
        </Placemark>
        <Placemark>
          <name>ae04b8 (KC-135 Stratotanker)</name>
          <styleUrl>#aircraft</styleUrl>
          <description>Type: KC-135 Stratotanker&#xA;Hex: ae04b8&#xA;Altitude: 0 ft&#xA;Speed: 0.0 kts&#xA;Heading: 0.0&#xA;Source: adsb.lol</description>
          <Point>
            <coordinates>0,0,0</coordinates>
          </Point>
        </Placemark>
        <Placemark>
          <name>FH260 (A119)</name>
          <styleUrl>#aircraft</styleUrl>
          <description>Type: A119&#xA;Callsign: FH260&#xA;Hex: ae6d5b&#xA;Altitude: 1025 ft&#xA;Speed: 107.7 kts&#xA;Heading: 77.1&#xA;Source: adsb.lol</description>
          <Point>
            <coordinates>-88.145788,30.633728,1025</coordinates>
          </Point>
        </Placemark>
        <Placemark>
          <name>SPRN1 (FA8X)</name>
          <styleUrl>#aircraft</styleUrl>
          <description>Type: FA8X&#xA;Callsign: SPRN1&#xA;Hex: 8a09e2&#xA;Altitude: 6975 ft&#xA;Speed: 238.5 kts&#xA;Heading: 39.9&#xA;Source: adsb.lol</description>
          <Point>
            <coordinates>106.923207,-6.255317,6975</coordinates>
          </Point>
        </Placemark>
        <Placemark>
          <name>ROLR36 (PC21)</name>
          <styleUrl>#aircraft</styleUrl>
          <description>Type: PC21&#xA;Callsign: ROLR36&#xA;Hex: 7cf9fe&#xA;Altitude: 10975 ft&#xA;Speed: 245.7 kts&#xA;Heading: 251.5&#xA;Source: adsb.lol</description>
          <Point>
            <coordinates>146.700619,-38.148768,10975</coordinates>
          </Point>
        </Placemark>
        <Placemark>
          <name>ROLR13 (PC21)</name>
          <styleUrl>#aircraft</styleUrl>
          <description>Type: PC21&#xA;Callsign: ROLR13&#xA;Hex: 7cf9f4&#xA;Altitude: 13900 ft&#xA;Speed: 212.6 kts&#xA;Heading: 342.8&#xA;Source: adsb.lol</description>
          <Point>
            <coordinates>147.206527,-38.45256,13900</coordinates>
          </Point>
        </Placemark>
        <Placemark>
          <name>RCH467 (C-17 Globemaster III)</name>
          <styleUrl>#aircraft</styleUrl>
          <description>Type: C-17 Globemaster III&#xA;Callsign: RCH467&#xA;Hex: ae2fa5&#xA;Altitude: 825 ft&#xA;Speed: 0.0 kts&#xA;Heading: 0.0&#xA;Source: adsb.lol</description>
          <Point>
            <coordinates>0,0,825</coordinates>
          </Point>
        </Placemark>
        <Placemark>
          <name>SHWK426 (H-60 Black Hawk)</name>
          <styleUrl>#aircraft</styleUrl>
          <description>Type: H-60 Black Hawk&#xA;Callsign: SHWK426&#xA;Hex: ae4ff2&#xA;Altitude: 450 ft&#xA;Speed: 94.2 kts&#xA;Heading: 149.3&#xA;Source: adsb.lol</description>
          <Point>
            <coordinates>-117.463843,32.733261,450</coordinates>
          </Point>
        </Placemark>
        <Placemark>
          <name>RS48 (H-60 Black Hawk)</name>
          <styleUrl>#aircraft</styleUrl>
          <description>Type: H-60 Black Hawk&#xA;Callsign: RS48&#xA;Hex: ae4fed&#xA;Altitude: 200 ft&#xA;Speed: 2.9 kts&#xA;Heading: 135.0&#xA;Source: adsb.lol</description>
          <Point>
            <coordinates>-117.351508,32.626053,200</coordinates>
          </Point>
        </Placemark>
        <Placemark>
          <name>LS00 (Unknown Type)</name>
          <styleUrl>#aircraft</styleUrl>
          <description>Type: Unknown Type&#xA;Callsign: LS00&#xA;Hex: ae273e&#xA;Altitude: 75 ft&#xA;Speed: 0.7 kts&#xA;Heading: 0.0&#xA;Source: adsb.lol</description>
          <Point>
            <coordinates>-117.117229,32.564315,75</coordinates>
          </Point>
        </Placemark>
        <Placemark>
          <name>FFAB123 (H-60 Black Hawk)</name>
          <styleUrl>#aircraft</styleUrl>
          <description>Type: H-60 Black Hawk&#xA;Callsign: FFAB123&#xA;Hex: ae183b&#xA;Altitude: 375 ft&#xA;Speed: 59.1 kts&#xA;Heading: 357.1&#xA;Source: adsb.lol</description>
          <Point>
            <coordinates>-117.112061,32.558304,375</coordinates>
          </Point>
        </Placemark>
        <Placemark>
          <name>JANET68 (B736)</name>
          <styleUrl>#aircraft</styleUrl>
          <description>Type: B736&#xA;Callsign: JANET68&#xA;Hex: a2b320&#xA;Altitude: 7975 ft&#xA;Speed: 279.5 kts&#xA;Heading: 79.7&#xA;Source: adsb.lol</description>
          <Point>
            <coordinates>-115.44651,35.834473,7975</coordinates>
          </Point>
        </Placemark>
        <Placemark>
          <name>R20794 (H-60 Black Hawk)</name>
          <styleUrl>#aircraft</styleUrl>
          <description>Type: H-60 Black Hawk&#xA;Callsign: R20794&#xA;Hex: ae5bd5&#xA;Altitude: 625 ft&#xA;Speed: 34.1 kts&#xA;Heading: 183.4&#xA;Source: adsb.lol</description>
          <Point>
            <coordinates>-87.634141,36.611054,625</coordinates>
          </Point>
        </Placemark>
        <Placemark>
          <name>ZEUS31 (AH-64 Apache)</name>
          <styleUrl>#aircraft</styleUrl>
          <description>Type: AH-64 Apache&#xA;Callsign: ZEUS31&#xA;Hex: ae74e0&#xA;Altitude: 1400 ft&#xA;Speed: 123.0 kts&#xA;Heading: 63.4&#xA;Source: adsb.lol</description>
          <Point>
            <coordinates>-78.999355,35.710501,1400</coordinates>
          </Point>
        </Placemark>
        <Placemark>
          <name>ZEUS32 (AH-64 Apache)</name>
          <styleUrl>#aircraft</styleUrl>
          <description>Type: AH-64 Apache&#xA;Callsign: ZEUS32&#xA;Hex: ae74d4&#xA;Altitude: 1400 ft&#xA;Speed: 132.6 kts&#xA;Heading: 237.6&#xA;Source: adsb.lol</description>
          <Point>
            <coordinates>-78.879147,35.696503,1400</coordinates>
          </Point>
        </Placemark>
        <Placemark>
          <name>ae5f92 (B762)</name>
          <styleUrl>#aircraft</styleUrl>
          <description>Type: B762&#xA;Hex: ae5f92&#xA;Altitude: 2775 ft&#xA;Speed: 153.0 kts&#xA;Heading: 130.0&#xA;Source: adsb.lol</description>
          <Point>
            <coordinates>-150.409608,61.291349,2775</coordinates>
          </Point>
        </Placemark>
        <Placemark>
          <name>BB108 (TEX2)</name>
          <styleUrl>#aircraft</styleUrl>
          <description>Type: TEX2&#xA;Callsign: BB108&#xA;Hex: ae2ee9&#xA;Altitude: 3050 ft&#xA;Speed: 146.8 kts&#xA;Heading: 95.9&#xA;Source: adsb.lol</description>
          <Point>
            <coordinates>-86.710968,32.328186,3050</coordinates>
          </Point>
        </Placemark>
        <Placemark>
          <name>SAVER70 (EH10)</name>
          <styleUrl>#aircraft</styleUrl>
          <description>Type: EH10&#xA;Callsign: SAVER70&#xA;Hex: 47812a&#xA;Altitude: 8150 ft&#xA;Speed: 135.1 kts&#xA;Heading: 172.8&#xA;Source: adsb.lol</description>
          <Point>
            <coordinates>5.095573,60.68605,8150</coordinates>
          </Point>
        </Placemark>
        <Placemark>
          <name>TORII11 (B350)</name>
          <styleUrl>#aircraft</styleUrl>
          <description>Type: B350&#xA;Callsign: TORII11&#xA;Hex: ae4a7d&#xA;Altitude: 9875 ft&#xA;Speed: 244.0 kts&#xA;Heading: 315.5&#xA;Source: adsb.lol</description>
          <Point>
            <coordinates>127.563951,36.663146,9875</coordinates>
          </Point>
        </Placemark>
        <Placemark>
          <name>CHLE781 (PC21)</name>
          <styleUrl>#aircraft</styleUrl>
          <description>Type: PC21&#xA;Callsign: CHLE781&#xA;Hex: 7cf9ee&#xA;Altitude: 925 ft&#xA;Speed: 184.0 kts&#xA;Heading: 90.3&#xA;Source: adsb.lol</description>
          <Point>
            <coordinates>147.062391,-38.073539,925</coordinates>
          </Point>
        </Placemark>
        <Placemark>
          <name>CHLE785 (PC21)</name>
          <styleUrl>#aircraft</styleUrl>
          <description>Type: PC21&#xA;Callsign: CHLE785&#xA;Hex: 7cfa01&#xA;Altitude: 9025 ft&#xA;Speed: 216.5 kts&#xA;Heading: 223.1&#xA;Source: adsb.lol</description>
          <Point>
            <coordinates>147.084722,-38.211985,9025</coordinates>
          </Point>
        </Placemark>
        <Placemark>
          <name>DNGO01 (B350)</name>
          <styleUrl>#aircraft</styleUrl>
          <description>Type: B350&#xA;Callsign: DNGO01&#xA;Hex: 7cf8ed&#xA;Altitude: 1600 ft&#xA;Speed: 162.3 kts&#xA;Heading: 202.5&#xA;Source: adsb.lol</description>
          <Point>
            <coordinates>147.212297,-38.05275,1600</coordinates>
          </Point>
        </Placemark>
        <Placemark>
          <name>COGR (HAWK)</name>
          <styleUrl>#aircraft</styleUrl>
          <description>Type: HAWK&#xA;Callsign: COGR&#xA;Hex: 7cf844&#xA;Altitude: 19100 ft&#xA;Speed: 0.0 kts&#xA;Heading: 0.0&#xA;Source: adsb.lol</description>
          <Point>
            <coordinates>152.452121,-32.218871,19100</coordinates>
          </Point>
        </Placemark>
        <Placemark>
          <name>SUMIT41 (C-130 Hercules)</name>
          <styleUrl>#aircraft</styleUrl>
          <description>Type: C-130 Hercules&#xA;Callsign: SUMIT41&#xA;Hex: adfdbb&#xA;Altitude: 6100 ft&#xA;Speed: 247.0 kts&#xA;Heading: 89.5&#xA;Source: adsb.lol</description>
          <Point>
            <coordinates>-104.18158,38.66829,6100</coordinates>
          </Point>
        </Placemark>
        <Placemark>
          <name>ATHNA18 (B762)</name>
          <styleUrl>#aircraft</styleUrl>
          <description>Type: B762&#xA;Callsign: ATHNA18&#xA;Hex: ae5e13&#xA;Altitude: 21000 ft&#xA;Speed: 201.0 kts&#xA;Heading: 154.0&#xA;Source: adsb.lol</description>
          <Point>
            <coordinates>-93.830038,32.804419,21000</coordinates>
          </Point>
        </Placemark>
        <Placemark>
          <name>ae67c8 (Unknown Type)</name>
          <styleUrl>#aircraft</styleUrl>
          <description>Type: Unknown Type&#xA;Hex: ae67c8&#xA;Altitude: 25025 ft&#xA;Speed: 456.2 kts&#xA;Heading: 25.4&#xA;Source: adsb.lol</description>
          <Point>
            <coordinates>-88.159228,40.597508,25025</coordinates>
          </Point>
        </Placemark>
        <Placemark>
          <name>ae57cb (P-8A Poseidon)</name>
          <styleUrl>#aircraft</styleUrl>
          <description>Type: P-8A Poseidon&#xA;Hex: ae57cb&#xA;Altitude: 24800 ft&#xA;Speed: 385.3 kts&#xA;Heading: 157.9&#xA;Source: adsb.lol</description>
          <Point>
            <coordinates>-81.069839,31.467178,24800</coordinates>
          </Point>
        </Placemark>
        <Placemark>
          <name>BLCAT54 (BE20)</name>
          <styleUrl>#aircraft</styleUrl>
          <description>Type: BE20&#xA;Callsign: BLCAT54&#xA;Hex: ae06dc&#xA;Altitude: 24000 ft&#xA;Speed: 199.8 kts&#xA;Heading: 264.8&#xA;Source: adsb.lol</description>
          <Point>
            <coordinates>133.883485,35.756308,24000</coordinates>
          </Point>
        </Placemark>
        <Placemark>
          <name>ae270a (CN35)</name>
          <styleUrl>#aircraft</styleUrl>
          <description>Type: CN35&#xA;Hex: ae270a&#xA;Altitude: 0 ft&#xA;Speed: 0.0 kts&#xA;Heading: 0.0&#xA;Source: adsb.lol</description>
          <Point>
            <coordinates>0,0,0</coordinates>
          </Point>
        </Placemark>
        <Placemark>
          <name>445566 (Unknown Type)</name>
          <styleUrl>#aircraft</styleUrl>
          <description>Type: Unknown Type&#xA;Hex: 445566&#xA;Altitude: 0 ft&#xA;Speed: 0.0 kts&#xA;Heading: 0.0&#xA;Source: adsb.lol</description>
          <Point>
            <coordinates>0,0,0</coordinates>
          </Point>
        </Placemark>
        <Placemark>
          <name>7cfa97 (P-8A Poseidon)</name>
          <styleUrl>#aircraft</styleUrl>
          <description>Type: P-8A Poseidon&#xA;Hex: 7cfa97&#xA;Altitude: 23000 ft&#xA;Speed: 334.1 kts&#xA;Heading: 153.9&#xA;Source: adsb.lol</description>
          <Point>
            <coordinates>0,0,23000</coordinates>
          </Point>
        </Placemark>
        <Placemark>
          <name>SPAR363 (LJ35)</name>
          <styleUrl>#aircraft</styleUrl>
          <description>Type: LJ35&#xA;Callsign: SPAR363&#xA;Hex: ae017a&#xA;Altitude: 1175 ft&#xA;Speed: 124.5 kts&#xA;Heading: 136.9&#xA;Source: adsb.lol</description>
          <Point>
            <coordinates>-89.903929,38.586731,1175</coordinates>
          </Point>
        </Placemark>
        <Placemark>
          <name>RCH9189 (C-17 Globemaster III)</name>
          <styleUrl>#aircraft</styleUrl>
          <description>Type: C-17 Globemaster III&#xA;Callsign: RCH9189&#xA;Hex: ae07cd&#xA;Altitude: 34000 ft&#xA;Speed: 416.5 kts&#xA;Heading: 225.5&#xA;Source: adsb.lol</description>
          <Point>
            <coordinates>-89.541664,34.743471,34000</coordinates>
          </Point>
        </Placemark>
        <Placemark>
          <name>TALON31 (HAWK)</name>
          <styleUrl>#aircraft</styleUrl>
          <description>Type: HAWK&#xA;Callsign: TALON31&#xA;Hex: ae62d0&#xA;Altitude: 12925 ft&#xA;Speed: 305.1 kts&#xA;Heading: 268.3&#xA;Source: adsb.lol</description>
          <Point>
            <coordinates>-88.789878,32.596342,12925</coordinates>
          </Point>
        </Placemark>
        <Placemark>
          <name>GAGE88 (H-60 Black Hawk)</name>
          <styleUrl>#aircraft</styleUrl>
          <description>Type: H-60 Black Hawk&#xA;Callsign: GAGE88&#xA;Hex: ae51ad&#xA;Altitude: 925 ft&#xA;Speed: 99.4 kts&#xA;Heading: 130.1&#xA;Source: adsb.lol</description>
          <Point>
            <coordinates>-81.107632,32.007922,925</coordinates>
          </Point>
        </Placemark>
        <Placemark>
          <name>TEST1234 (TWR)</name>
          <styleUrl>#aircraft</styleUrl>
          <description>Type: TWR&#xA;Callsign: TEST1234&#xA;Hex: 400008&#xA;Altitude: 0 ft&#xA;Speed: 0.0 kts&#xA;Heading: 0.0&#xA;Source: adsb.lol</description>
          <Point>
            <coordinates>0,0,0</coordinates>
          </Point>
        </Placemark>
        <Placemark>
          <name>36f56e (Unknown Type)</name>
          <styleUrl>#aircraft</styleUrl>
          <description>Type: Unknown Type&#xA;Hex: 36f56e&#xA;Altitude: 0 ft&#xA;Speed: 122.5 kts&#xA;Heading: 36.6&#xA;Source: adsb.lol</description>
          <Point>
            <coordinates>0,0,0</coordinates>
          </Point>
        </Placemark>
        <Placemark>
          <name>ae0808 (C-17 Globemaster III)</name>
          <styleUrl>#aircraft</styleUrl>
          <description>Type: C-17 Globemaster III&#xA;Hex: ae0808&#xA;Altitude: 2775 ft&#xA;Speed: 0.0 kts&#xA;Heading: 0.0&#xA;Source: adsb.lol</description>
          <Point>
            <coordinates>0,0,2775</coordinates>
          </Point>
        </Placemark>
        <Placemark>
          <name>KNG50 (B350)</name>
          <styleUrl>#aircraft</styleUrl>
          <description>Type: B350&#xA;Callsign: KNG50&#xA;Hex: c87f36&#xA;Altitude: 0 ft&#xA;Speed: 9.8 kts&#xA;Heading: 0.0&#xA;Source: adsb.lol</description>
          <Point>
            <coordinates>175.39985,-40.208914,0</coordinates>
          </Point>
        </Placemark>
        <Placemark>
          <name>ae0436 (CN35)</name>
          <styleUrl>#aircraft</styleUrl>
          <description>Type: CN35&#xA;Hex: ae0436&#xA;Altitude: 1275 ft&#xA;Speed: 0.0 kts&#xA;Heading: 0.0&#xA;Source: adsb.lol</description>
          <Point>
            <coordinates>0,0,1275</coordinates>
          </Point>
        </Placemark>
        <Placemark>
          <name>DICEY11 (TEX2)</name>
          <styleUrl>#aircraft</styleUrl>
          <description>Type: TEX2&#xA;Callsign: DICEY11&#xA;Hex: ae11ab&#xA;Altitude: 6950 ft&#xA;Speed: 258.3 kts&#xA;Heading: 158.9&#xA;Source: adsb.lol</description>
          <Point>
            <coordinates>-98.298153,34.49057,6950</coordinates>
          </Point>
        </Placemark>
        <Placemark>
          <name>R20408 (H-60 Black Hawk)</name>
          <styleUrl>#aircraft</styleUrl>
          <description>Type: H-60 Black Hawk&#xA;Callsign: R20408&#xA;Hex: ae51ea&#xA;Altitude: 1700 ft&#xA;Speed: 93.9 kts&#xA;Heading: 18.6&#xA;Source: adsb.lol</description>
          <Point>
            <coordinates>-97.768817,31.127992,1700</coordinates>
          </Point>
        </Placemark>
        <Placemark>
          <name>R20163 (H-60 Black Hawk)</name>
          <styleUrl>#aircraft</styleUrl>
          <description>Type: H-60 Black Hawk&#xA;Callsign: R20163&#xA;Hex: ae47ab&#xA;Altitude: 7450 ft&#xA;Speed: 113.7 kts&#xA;Heading: 61.6&#xA;Source: adsb.lol</description>
          <Point>
            <coordinates>-115.6522,35.977478,7450</coordinates>
          </Point>
        </Placemark>
        <Placemark>
          <name>SAM2A (B752)</name>
          <styleUrl>#aircraft</styleUrl>
          <description>Type: B752&#xA;Callsign: SAM2A&#xA;Hex: adfeb8&#xA;Altitude: 26475 ft&#xA;Speed: 467.7 kts&#xA;Heading: 14.9&#xA;Source: adsb.lol</description>
          <Point>
            <coordinates>-149.488627,62.430908,26475</coordinates>
          </Point>
        </Placemark>
        <Placemark>
          <name>RCH5052 (C-5M Super Galaxy)</name>
          <styleUrl>#aircraft</styleUrl>
          <description>Type: C-5M Super Galaxy&#xA;Callsign: RCH5052&#xA;Hex: ae056d&#xA;Altitude: 17575 ft&#xA;Speed: 199.0 kts&#xA;Heading: 332.0&#xA;Source: adsb.lol</description>
          <Point>
            <coordinates>-117.507875,32.733802,17575</coordinates>
          </Point>
        </Placemark>
        <Placemark>
          <name>KING81 (C30J)</name>
          <styleUrl>#aircraft</styleUrl>
          <description>Type: C30J&#xA;Callsign: KING81&#xA;Hex: ae54d2&#xA;Altitude: 3350 ft&#xA;Speed: 0.0 kts&#xA;Heading: 0.0&#xA;Source: adsb.lol</description>
          <Point>
            <coordinates>-110.867416,32.181494,3350</coordinates>
          </Point>
        </Placemark>
        <Placemark>
          <name>ae4e02 (H-60 Black Hawk)</name>
          <styleUrl>#aircraft</styleUrl>
          <description>Type: H-60 Black Hawk&#xA;Hex: ae4e02&#xA;Altitude: 375 ft&#xA;Speed: 55.0 kts&#xA;Heading: 294.7&#xA;Source: adsb.lol</description>
          <Point>
            <coordinates>-70.410355,41.8783,375</coordinates>
          </Point>
        </Placemark>
        <Placemark>
          <name>STAL01 (C-17 Globemaster III)</name>
          <styleUrl>#aircraft</styleUrl>
          <description>Type: C-17 Globemaster III&#xA;Callsign: STAL01&#xA;Hex: 7cf86b&#xA;Altitude: 150 ft&#xA;Speed: 136.0 kts&#xA;Heading: 287.1&#xA;Source: adsb.lol</description>
          <Point>
            <coordinates>150.797779,-33.608414,150</coordinates>
          </Point>
        </Placemark>
        <Placemark>
          <name>HERKY61 (C30J)</name>
          <styleUrl>#aircraft</styleUrl>
          <description>Type: C30J&#xA;Callsign: HERKY61&#xA;Hex: ae4e10&#xA;Altitude: 27000 ft&#xA;Speed: 191.0 kts&#xA;Heading: 137.0&#xA;Source: adsb.lol</description>
          <Point>
            <coordinates>-94.251826,36.692951,27000</coordinates>
          </Point>
        </Placemark>
        <Placemark>
          <name>ae5c58 (P-8A Poseidon)</name>
          <styleUrl>#aircraft</styleUrl>
          <description>Type: P-8A Poseidon&#xA;Hex: ae5c58&#xA;Altitude: 20000 ft&#xA;Speed: 366.1 kts&#xA;Heading: 181.4&#xA;Source: adsb.lol</description>
          <Point>
            <coordinates>-82.291277,26.044281,20000</coordinates>
          </Point>
        </Placemark>
        <Placemark>
          <name>afa82a (H-60 Black Hawk)</name>
          <styleUrl>#aircraft</styleUrl>
          <description>Type: H-60 Black Hawk&#xA;Hex: afa82a&#xA;Altitude: 150 ft&#xA;Speed: 95.0 kts&#xA;Heading: 90.6&#xA;Source: adsb.lol</description>
          <Point>
            <coordinates>-77.350198,39.065231,150</coordinates>
          </Point>
        </Placemark>
        <Placemark>
          <name>C6605 (AS65)</name>
          <styleUrl>#aircraft</styleUrl>
          <description>Type: AS65&#xA;Callsign: C6605&#xA;Hex: ae26bc&#xA;Altitude: 2725 ft&#xA;Speed: 107.0 kts&#xA;Heading: 339.2&#xA;Source: adsb.lol</description>
          <Point>
            <coordinates>-76.776402,38.809021,2725</coordinates>
          </Point>
        </Placemark>
        <Placemark>
          <name>SPR106 (DH8A)</name>
          <styleUrl>#aircraft</styleUrl>
          <description>Type: DH8A&#xA;Callsign: SPR106&#xA;Hex: c05325&#xA;Altitude: 4775 ft&#xA;Speed: 0.0 kts&#xA;Heading: 0.0&#xA;Source: adsb.lol</description>
          <Point>
            <coordinates>0.195164,50.263603,4775</coordinates>
          </Point>
        </Placemark>
        <Placemark>
          <name>EVY78 (FA7X)</name>
          <styleUrl>#aircraft</styleUrl>
          <description>Type: FA7X&#xA;Callsign: EVY78&#xA;Hex: 7cfa72&#xA;Altitude: 0 ft&#xA;Speed: 0.0 kts&#xA;Heading: 0.0&#xA;Source: adsb.lol</description>
          <Point>
            <coordinates>149.199185,-35.304005,0</coordinates>
          </Point>
        </Placemark>
        <Placemark>
          <name>TEX02 (TEX2)</name>
          <styleUrl>#aircraft</styleUrl>
          <description>Type: TEX2&#xA;Callsign: TEX02&#xA;Hex: c87f22&#xA;Altitude: 11625 ft&#xA;Speed: 285.2 kts&#xA;Heading: 16.1&#xA;Source: adsb.lol</description>
          <Point>
            <coordinates>175.226013,-39.99646,11625</coordinates>
          </Point>
        </Placemark>
        <Placemark>
          <name>BOE7572 (B752)</name>
          <styleUrl>#aircraft</styleUrl>
          <description>Type: B752&#xA;Callsign: BOE7572&#xA;Hex: c87f01&#xA;Altitude: 7625 ft&#xA;Speed: 241.3 kts&#xA;Heading: 172.1&#xA;Source: adsb.lol</description>
          <Point>
            <coordinates>175.583371,-39.934139,7625</coordinates>
          </Point>
        </Placemark>
        <Placemark>
          <name>SHWK411 (H-60 Black Hawk)</name>
          <styleUrl>#aircraft</styleUrl>
          <description>Type: H-60 Black Hawk&#xA;Callsign: SHWK411&#xA;Hex: ae4fc0&#xA;Altitude: 225 ft&#xA;Speed: 2.1 kts&#xA;Heading: 270.0&#xA;Source: adsb.lol</description>
          <Point>
            <coordinates>-117.455054,33.281982,225</coordinates>
          </Point>
        </Placemark>
        <Placemark>
          <name>JANET26 (B736)</name>
          <styleUrl>#aircraft</styleUrl>
          <description>Type: B736&#xA;Callsign: JANET26&#xA;Hex: a4207f&#xA;Altitude: 8575 ft&#xA;Speed: 289.7 kts&#xA;Heading: 160.4&#xA;Source: adsb.lol</description>
          <Point>
            <coordinates>-115.637356,35.859328,8575</coordinates>
          </Point>
        </Placemark>
        <Placemark>
          <name>ROKT21 (HAWK)</name>
          <styleUrl>#aircraft</styleUrl>
          <description>Type: HAWK&#xA;Callsign: ROKT21&#xA;Hex: ae629f&#xA;Altitude: 2375 ft&#xA;Speed: 170.4 kts&#xA;Heading: 101.5&#xA;Source: adsb.lol</description>
          <Point>
            <coordinates>-87.530878,30.308533,2375</coordinates>
          </Point>
        </Placemark>
        <Placemark>
          <name>R08182 (CH-47 Chinook)</name>
          <styleUrl>#aircraft</styleUrl>
          <description>Type: CH-47 Chinook&#xA;Callsign: R08182&#xA;Hex: ae59e2&#xA;Altitude: 1125 ft&#xA;Speed: 120.8 kts&#xA;Heading: 280.0&#xA;Source: adsb.lol</description>
          <Point>
            <coordinates>-87.29353,36.626724,1125</coordinates>
          </Point>
        </Placemark>
        <Placemark>
          <name>C6527 (AS65)</name>
          <styleUrl>#aircraft</styleUrl>
          <description>Type: AS65&#xA;Callsign: C6527&#xA;Hex: ae2675&#xA;Altitude: 325 ft&#xA;Speed: 0.7 kts&#xA;Heading: 0.0&#xA;Source: adsb.lol</description>
          <Point>
            <coordinates>-82.834729,42.426315,325</coordinates>
          </Point>
        </Placemark>
        <Placemark>
          <name>C6506 (AS65)</name>
          <styleUrl>#aircraft</styleUrl>
          <description>Type: AS65&#xA;Callsign: C6506&#xA;Hex: ae2660&#xA;Altitude: -75 ft&#xA;Speed: 0.7 kts&#xA;Heading: 0.0&#xA;Source: adsb.lol</description>
          <Point>
            <coordinates>-74.514221,39.305544,-75</coordinates>
          </Point>
        </Placemark>
        <Placemark>
          <name>ae68bf (D328)</name>
          <styleUrl>#aircraft</styleUrl>
          <description>Type: D328&#xA;Hex: ae68bf&#xA;Altitude: 2325 ft&#xA;Speed: 0.0 kts&#xA;Heading: 0.0&#xA;Source: adsb.lol</description>
          <Point>
            <coordinates>0,0,2325</coordinates>
          </Point>
        </Placemark>
        <Placemark>
          <name>ae49c5 (C-17 Globemaster III)</name>
          <styleUrl>#aircraft</styleUrl>
          <description>Type: C-17 Globemaster III&#xA;Hex: ae49c5&#xA;Altitude: 0 ft&#xA;Speed: 0.0 kts&#xA;Heading: 0.0&#xA;Source: adsb.lol</description>
          <Point>
            <coordinates>0,0,0</coordinates>
          </Point>
        </Placemark>
        <Placemark>
          <name>G72236 (EC45)</name>
          <styleUrl>#aircraft</styleUrl>
          <description>Type: EC45&#xA;Callsign: G72236&#xA;Hex: ae1ffb&#xA;Altitude: 0 ft&#xA;Speed: 106.9 kts&#xA;Heading: 252.6&#xA;Source: adsb.lol</description>
          <Point>
            <coordinates>-122.821588,44.781065,0</coordinates>
          </Point>
        </Placemark>
        <Placemark>
          <name>G20607 (H-60 Black Hawk)</name>
          <styleUrl>#aircraft</styleUrl>
          <description>Type: H-60 Black Hawk&#xA;Callsign: G20607&#xA;Hex: ae56c7&#xA;Altitude: 2900 ft&#xA;Speed: 88.4 kts&#xA;Heading: 225.5&#xA;Source: adsb.lol</description>
          <Point>
            <coordinates>-122.454886,45.075368,2900</coordinates>
          </Point>
        </Placemark>
        <Placemark>
          <name>C6041 (H-60 Black Hawk)</name>
          <styleUrl>#aircraft</styleUrl>
          <description>Type: H-60 Black Hawk&#xA;Callsign: C6041&#xA;Hex: ae2918&#xA;Altitude: 125 ft&#xA;Speed: 33.4 kts&#xA;Heading: 51.1&#xA;Source: adsb.lol</description>
          <Point>
            <coordinates>-90.030643,29.817965,125</coordinates>
          </Point>
        </Placemark>
        <Placemark>
          <name>BONGO91 (H-60 Black Hawk)</name>
          <styleUrl>#aircraft</styleUrl>
          <description>Type: H-60 Black Hawk&#xA;Callsign: BONGO91&#xA;Hex: ae50db&#xA;Altitude: 1800 ft&#xA;Speed: 115.0 kts&#xA;Heading: 319.9&#xA;Source: adsb.lol</description>
          <Point>
            <coordinates>-88.262115,37.240311,1800</coordinates>
          </Point>
        </Placemark>
        <Placemark>
          <name>RCH4610 (C-17 Globemaster III)</name>
          <styleUrl>#aircraft</styleUrl>
          <description>Type: C-17 Globemaster III&#xA;Callsign: RCH4610&#xA;Hex: ae20c7&#xA;Altitude: 34000 ft&#xA;Speed: 240.0 kts&#xA;Heading: 197.0&#xA;Source: adsb.lol</description>
          <Point>
            <coordinates>-78.145725,44.952747,34000</coordinates>
          </Point>
        </Placemark>
        <Placemark>
          <name>RCH2138 (C-5M Super Galaxy)</name>
          <styleUrl>#aircraft</styleUrl>
          <description>Type: C-5M Super Galaxy&#xA;Callsign: RCH2138&#xA;Hex: ae0588&#xA;Altitude: 31025 ft&#xA;Speed: 464.0 kts&#xA;Heading: 133.9&#xA;Source: adsb.lol</description>
          <Point>
            <coordinates>20.499828,46.669407,31025</coordinates>
          </Point>
        </Placemark>
        <Placemark>
          <name>0d08b5 (C-295)</name>
          <styleUrl>#aircraft</styleUrl>
          <description>Type: C-295&#xA;Hex: 0d08b5&#xA;Altitude: 14025 ft&#xA;Speed: 0.0 kts&#xA;Heading: 0.0&#xA;Source: adsb.lol</description>
          <Point>
            <coordinates>0,0,14025</coordinates>
          </Point>
        </Placemark>
        <Placemark>
          <name>ae5fa8 (B762)</name>
          <styleUrl>#aircraft</styleUrl>
          <description>Type: B762&#xA;Hex: ae5fa8&#xA;Altitude: 19500 ft&#xA;Speed: 0.0 kts&#xA;Heading: 0.0&#xA;Source: adsb.lol</description>
          <Point>
            <coordinates>0,0,19500</coordinates>
          </Point>
        </Placemark>
        <Placemark>
          <name>ICED24 (H-60 Black Hawk)</name>
          <styleUrl>#aircraft</styleUrl>
          <description>Type: H-60 Black Hawk&#xA;Callsign: ICED24&#xA;Hex: ae56d2&#xA;Altitude: 0 ft&#xA;Speed: 0.0 kts&#xA;Heading: 0.0&#xA;Source: adsb.lol</description>
          <Point>
            <coordinates>-104.757579,38.675846,0</coordinates>
          </Point>
        </Placemark>
        <Placemark>
          <name>RAPT11 (HAWK)</name>
          <styleUrl>#aircraft</styleUrl>
          <description>Type: HAWK&#xA;Callsign: RAPT11&#xA;Hex: 7cf846&#xA;Altitude: 23400 ft&#xA;Speed: 0.0 kts&#xA;Heading: 0.0&#xA;Source: adsb.lol</description>
          <Point>
            <coordinates>139.087952,-34.62235,23400</coordinates>
          </Point>
        </Placemark>
        <Placemark>
          <name>ae0673 (KC-135 Stratotanker)</name>
          <styleUrl>#aircraft</styleUrl>
          <description>Type: KC-135 Stratotanker&#xA;Hex: ae0673&#xA;Altitude: 0 ft&#xA;Speed: 0.0 kts&#xA;Heading: 0.0&#xA;Source: adsb.lol</description>
          <Point>
            <coordinates>0,0,0</coordinates>
          </Point>
        </Placemark>
        <Placemark>
          <name>R07475 (CH-47 Chinook)</name>
          <styleUrl>#aircraft</styleUrl>
          <description>Type: CH-47 Chinook&#xA;Callsign: R07475&#xA;Hex: 48084c&#xA;Altitude: 925 ft&#xA;Speed: 0.7 kts&#xA;Heading: 0.0&#xA;Source: adsb.lol</description>
          <Point>
            <coordinates>-97.684387,31.241067,925</coordinates>
          </Point>
        </Placemark>
        <Placemark>
          <name>aef829 (Unknown Type)</name>
          <styleUrl>#aircraft</styleUrl>
          <description>Type: Unknown Type&#xA;Hex: aef829&#xA;Altitude: 26000 ft&#xA;Speed: 0.0 kts&#xA;Heading: 0.0&#xA;Source: adsb.lol</description>
          <Point>
            <coordinates>55.524019,25.479159,26000</coordinates>
          </Point>
        </Placemark>
        <Placemark>
          <name>J037KT (KT1)</name>
          <styleUrl>#aircraft</styleUrl>
          <description>Type: KT1&#xA;Callsign: J037KT&#xA;Hex: 8a0132&#xA;Altitude: 6700 ft&#xA;Speed: 182.2 kts&#xA;Heading: 319.2&#xA;Source: adsb.lol</description>
          <Point>
            <coordinates>110.285836,-7.625153,6700</coordinates>
          </Point>
        </Placemark>
        <Placemark>
          <name>PLUTO31 (C68A)</name>
          <styleUrl>#aircraft</styleUrl>
          <description>Type: C68A&#xA;Callsign: PLUTO31&#xA;Hex: 87cd03&#xA;Altitude: 13650 ft&#xA;Speed: 195.8 kts&#xA;Heading: 233.3&#xA;Source: adsb.lol</description>
          <Point>
            <coordinates>138.989754,36.577789,13650</coordinates>
          </Point>
        </Placemark>
        <Placemark>
          <name>TXLU03 (A139)</name>
          <styleUrl>#aircraft</styleUrl>
          <description>Type: A139&#xA;Callsign: TXLU03&#xA;Hex: 4ca331&#xA;Altitude: 0 ft&#xA;Speed: 0.0 kts&#xA;Heading: 0.0&#xA;Source: adsb.lol</description>
          <Point>
            <coordinates>0,0,0</coordinates>
          </Point>
        </Placemark>
        <Placemark>
          <name>87c82c (C-130 Hercules)</name>
          <styleUrl>#aircraft</styleUrl>
          <description>Type: C-130 Hercules&#xA;Hex: 87c82c&#xA;Altitude: 3850 ft&#xA;Speed: 0.0 kts&#xA;Heading: 0.0&#xA;Source: adsb.lol</description>
          <Point>
            <coordinates>0,0,3850</coordinates>
          </Point>
        </Placemark>
        <Placemark>
          <name>DICEY12 (TEX2)</name>
          <styleUrl>#aircraft</styleUrl>
          <description>Type: TEX2&#xA;Callsign: DICEY12&#xA;Hex: ae1e89&#xA;Altitude: 14925 ft&#xA;Speed: 205.0 kts&#xA;Heading: 319.6&#xA;Source: adsb.lol</description>
          <Point>
            <coordinates>-98.530941,34.470722,14925</coordinates>
          </Point>
        </Placemark>
        <Placemark>
          <name>GRACE01 (KC2)</name>
          <styleUrl>#aircraft</styleUrl>
          <description>Type: KC2&#xA;Callsign: GRACE01&#xA;Hex: 87cd24&#xA;Altitude: 26750 ft&#xA;Speed: 339.0 kts&#xA;Heading: 250.7&#xA;Source: adsb.lol</description>
          <Point>
            <coordinates>134.154781,35.180328,26750</coordinates>
          </Point>
        </Placemark>
        <Placemark>
          <name>3H3333MX (P1)</name>
          <styleUrl>#aircraft</styleUrl>
          <description>Type: P1&#xA;Callsign: 3H3333MX&#xA;Hex: 87c845&#xA;Altitude: 31775 ft&#xA;Speed: 137.0 kts&#xA;Heading: 242.0&#xA;Source: adsb.lol</description>
          <Point>
            <coordinates>137.905843,35.637911,31775</coordinates>
          </Point>
        </Placemark>
        <Placemark>
          <name>ae4d67 (C-17 Globemaster III)</name>
          <styleUrl>#aircraft</styleUrl>
          <description>Type: C-17 Globemaster III&#xA;Hex: ae4d67&#xA;Altitude: 0 ft&#xA;Speed: 0.0 kts&#xA;Heading: 0.0&#xA;Source: adsb.lol</description>
          <Point>
            <coordinates>0,0,0</coordinates>
          </Point>
        </Placemark>
        <Placemark>
          <name>ae4aea (B752)</name>
          <styleUrl>#aircraft</styleUrl>
          <description>Type: B752&#xA;Hex: ae4aea&#xA;Altitude: 0 ft&#xA;Speed: 0.0 kts&#xA;Heading: 0.0&#xA;Source: adsb.lol</description>
          <Point>
            <coordinates>0,0,0</coordinates>
          </Point>
        </Placemark>
        <Placemark>
          <name>11111111 (Unknown Type)</name>
          <styleUrl>#aircraft</styleUrl>
          <description>Type: Unknown Type&#xA;Callsign: 11111111&#xA;Hex: adf991&#xA;Altitude: 0 ft&#xA;Speed: 0.0 kts&#xA;Heading: 0.0&#xA;Source: adsb.lol</description>
          <Point>
            <coordinates>0,0,0</coordinates>
          </Point>
        </Placemark>
        <Placemark>
          <name>c2e8f7 (Unknown Type)</name>
          <styleUrl>#aircraft</styleUrl>
          <description>Type: Unknown Type&#xA;Hex: c2e8f7&#xA;Altitude: 0 ft&#xA;Speed: 0.0 kts&#xA;Heading: 0.0&#xA;Source: adsb.lol</description>
          <Point>
            <coordinates>0,0,0</coordinates>
          </Point>
        </Placemark>
        <Placemark>
          <name>aef421 (Unknown Type)</name>
          <styleUrl>#aircraft</styleUrl>
          <description>Type: Unknown Type&#xA;Hex: aef421&#xA;Altitude: 21500 ft&#xA;Speed: 0.0 kts&#xA;Heading: 0.0&#xA;Source: adsb.lol</description>
          <Point>
            <coordinates>0,0,21500</coordinates>
          </Point>
        </Placemark>
        <Placemark>
          <name>NORTH48 (BE20)</name>
          <styleUrl>#aircraft</styleUrl>
          <description>Type: BE20&#xA;Callsign: NORTH48&#xA;Hex: ae04fa&#xA;Altitude: 25400 ft&#xA;Speed: 261.1 kts&#xA;Heading: 84.7&#xA;Source: adsb.lol</description>
          <Point>
            <coordinates>-152.118734,61.606021,25400</coordinates>
          </Point>
        </Placemark>
        <Placemark>
          <name>MNTNA77 (BE9L)</name>
          <styleUrl>#aircraft</styleUrl>
          <description>Type: BE9L&#xA;Callsign: MNTNA77&#xA;Hex: ae14a4&#xA;Altitude: 18000 ft&#xA;Speed: 232.9 kts&#xA;Heading: 231.8&#xA;Source: adsb.lol</description>
          <Point>
            <coordinates>-93.321881,30.979909,18000</coordinates>
          </Point>
        </Placemark>
        <Placemark>
          <name>SCREE30 (H-60 Black Hawk)</name>
          <styleUrl>#aircraft</styleUrl>
          <description>Type: H-60 Black Hawk&#xA;Callsign: SCREE30&#xA;Hex: ae5797&#xA;Altitude: 375 ft&#xA;Speed: 71.7 kts&#xA;Heading: 50.1&#xA;Source: adsb.lol</description>
          <Point>
            <coordinates>-81.188629,32.004384,375</coordinates>
          </Point>
        </Placemark>
        <Placemark>
          <name>HEART58 (H-60 Black Hawk)</name>
          <styleUrl>#aircraft</styleUrl>
          <description>Type: H-60 Black Hawk&#xA;Callsign: HEART58&#xA;Hex: ae6c85&#xA;Altitude: 2550 ft&#xA;Speed: 68.0 kts&#xA;Heading: 271.7&#xA;Source: adsb.lol</description>
          <Point>
            <coordinates>-78.296564,40.743869,2550</coordinates>
          </Point>
        </Placemark>
        <Placemark>
          <name>NINJA86 (C560)</name>
          <styleUrl>#aircraft</styleUrl>
          <description>Type: C560&#xA;Callsign: NINJA86&#xA;Hex: ae0134&#xA;Altitude: 32000 ft&#xA;Speed: 219.2 kts&#xA;Heading: 211.9&#xA;Source: adsb.lol</description>
          <Point>
            <coordinates>136.724854,34.243268,32000</coordinates>
          </Point>
        </Placemark>
        <Placemark>
          <name>TEXGLD (TEX2)</name>
          <styleUrl>#aircraft</styleUrl>
          <description>Type: TEX2&#xA;Callsign: TEXGLD&#xA;Hex: c87f26&#xA;Altitude: 2725 ft&#xA;Speed: 206.9 kts&#xA;Heading: 150.5&#xA;Source: adsb.lol</description>
          <Point>
            <coordinates>175.62482,-40.160709,2725</coordinates>
          </Point>
        </Placemark>
        <Placemark>
          <name>ALDN71 (PC21)</name>
          <styleUrl>#aircraft</styleUrl>
          <description>Type: PC21&#xA;Callsign: ALDN71&#xA;Hex: 7cf9f6&#xA;Altitude: 0 ft&#xA;Speed: 145.2 kts&#xA;Heading: 279.9&#xA;Source: adsb.lol</description>
          <Point>
            <coordinates>0,0,0</coordinates>
          </Point>
        </Placemark>
        <Placemark>
          <name>ae07b6 (KC-135 Stratotanker)</name>
          <styleUrl>#aircraft</styleUrl>
          <description>Type: KC-135 Stratotanker&#xA;Hex: ae07b6&#xA;Altitude: 23575 ft&#xA;Speed: 0.0 kts&#xA;Heading: 0.0&#xA;Source: adsb.lol</description>
          <Point>
            <coordinates>0,0,23575</coordinates>
          </Point>
        </Placemark>
        <Placemark>
          <name>C2010 (C30J)</name>
          <styleUrl>#aircraft</styleUrl>
          <description>Type: C30J&#xA;Callsign: C2010&#xA;Hex: ae57d4&#xA;Altitude: 20000 ft&#xA;Speed: 313.8 kts&#xA;Heading: 248.5&#xA;Source: adsb.lol</description>
          <Point>
            <coordinates>-154.504631,57.337228,20000</coordinates>
          </Point>
        </Placemark>
        <Placemark>
          <name>PAT19 (H-60 Black Hawk)</name>
          <styleUrl>#aircraft</styleUrl>
          <description>Type: H-60 Black Hawk&#xA;Callsign: PAT19&#xA;Hex: ae47f4&#xA;Altitude: 1125 ft&#xA;Speed: 103.7 kts&#xA;Heading: 236.0&#xA;Source: adsb.lol</description>
          <Point>
            <coordinates>-77.866257,39.434189,1125</coordinates>
          </Point>
        </Placemark>
        <Placemark>
          <name>SENTRY6 (EC45)</name>
          <styleUrl>#aircraft</styleUrl>
          <description>Type: EC45&#xA;Callsign: SENTRY6&#xA;Hex: ae1f45&#xA;Altitude: 1500 ft&#xA;Speed: 96.2 kts&#xA;Heading: 37.8&#xA;Source: adsb.lol</description>
          <Point>
            <coordinates>-77.301967,38.324249,1500</coordinates>
          </Point>
        </Placemark>
        <Placemark>
          <name>GAFTT07 (TWR)</name>
          <styleUrl>#aircraft</styleUrl>
          <description>Type: TWR&#xA;Callsign: GAFTT07&#xA;Hex: 3ea3b0&#xA;Altitude: 62700 ft&#xA;Speed: 0.0 kts&#xA;Heading: 0.0&#xA;Source: adsb.lol</description>
          <Point>
            <coordinates>0,0,62700</coordinates>
          </Point>
        </Placemark>
        <Placemark>
          <name>adfde8 (C-130 Hercules)</name>
          <styleUrl>#aircraft</styleUrl>
          <description>Type: C-130 Hercules&#xA;Hex: adfde8&#xA;Altitude: 1100 ft&#xA;Speed: 0.0 kts&#xA;Heading: 0.0&#xA;Source: adsb.lol</description>
          <Point>
            <coordinates>0,0,1100</coordinates>
          </Point>
        </Placemark>
        <Placemark>
          <name>e41a12 (Unknown Type)</name>
          <styleUrl>#aircraft</styleUrl>
          <description>Type: Unknown Type&#xA;Hex: e41a12&#xA;Altitude: 0 ft&#xA;Speed: 0.0 kts&#xA;Heading: 0.0&#xA;Source: adsb.lol</description>
          <Point>
            <coordinates>0,0,0</coordinates>
          </Point>
        </Placemark>
        <Placemark>
          <name>GRYHK11 (Unknown Type)</name>
          <styleUrl>#aircraft</styleUrl>
          <description>Type: Unknown Type&#xA;Callsign: GRYHK11&#xA;Hex: aedb56&#xA;Altitude: 6300 ft&#xA;Speed: 248.4 kts&#xA;Heading: 139.9&#xA;Source: adsb.lol</description>
          <Point>
            <coordinates>-75.856655,37.484979,6300</coordinates>
          </Point>
        </Placemark>
        <Placemark>
          <name>ROCCO11 (B762)</name>
          <styleUrl>#aircraft</styleUrl>
          <description>Type: B762&#xA;Callsign: ROCCO11&#xA;Hex: ae5fab&#xA;Altitude: 22775 ft&#xA;Speed: 0.0 kts&#xA;Heading: 0.0&#xA;Source: adsb.lol</description>
          <Point>
            <coordinates>-72.463847,40.354028,22775</coordinates>
          </Point>
        </Placemark>
        <Placemark>
          <name>FENIX09 (KC2)</name>
          <styleUrl>#aircraft</styleUrl>
          <description>Type: KC2&#xA;Callsign: FENIX09&#xA;Hex: 87cde5&#xA;Altitude: 0 ft&#xA;Speed: 10.2 kts&#xA;Heading: 0.0&#xA;Source: adsb.lol</description>
          <Point>
            <coordinates>139.412642,35.833511,0</coordinates>
          </Point>
        </Placemark>
        <Placemark>
          <name>LEPD21 (HAWK)</name>
          <styleUrl>#aircraft</styleUrl>
          <description>Type: HAWK&#xA;Callsign: LEPD21&#xA;Hex: 7cf847&#xA;Altitude: 7025 ft&#xA;Speed: 65.0 kts&#xA;Heading: 156.0&#xA;Source: adsb.lol</description>
          <Point>
            <coordinates>152.152935,-33.260429,7025</coordinates>
          </Point>
        </Placemark>
        <Placemark>
          <name>adfdc1 (C-130 Hercules)</name>
          <styleUrl>#aircraft</styleUrl>
          <description>Type: C-130 Hercules&#xA;Hex: adfdc1&#xA;Altitude: 0 ft&#xA;Speed: 0.0 kts&#xA;Heading: 0.0&#xA;Source: adsb.lol</description>
          <Point>
            <coordinates>0,0,0</coordinates>
          </Point>
        </Placemark>
        <Placemark>
          <name>36829a (Unknown Type)</name>
          <styleUrl>#aircraft</styleUrl>
          <description>Type: Unknown Type&#xA;Hex: 36829a&#xA;Altitude: 0 ft&#xA;Speed: 0.0 kts&#xA;Heading: 0.0&#xA;Source: adsb.lol</description>
          <Point>
            <coordinates>0,0,0</coordinates>
          </Point>
        </Placemark>
        <Placemark>
          <name>RUDY37 (V-22 Osprey)</name>
          <styleUrl>#aircraft</styleUrl>
          <description>Type: V-22 Osprey&#xA;Callsign: RUDY37&#xA;Hex: ae6b9d&#xA;Altitude: 675 ft&#xA;Speed: 114.9 kts&#xA;Heading: 10.5&#xA;Source: adsb.lol</description>
          <Point>
            <coordinates>-117.429236,33.050537,675</coordinates>
          </Point>
        </Placemark>
        <Placemark>
          <name>SPIT (PC21)</name>
          <styleUrl>#aircraft</styleUrl>
          <description>Type: PC21&#xA;Callsign: SPIT&#xA;Hex: 7cfa02&#xA;Altitude: 9975 ft&#xA;Speed: 241.3 kts&#xA;Heading: 312.8&#xA;Source: adsb.lol</description>
          <Point>
            <coordinates>147.996417,-38.074814,9975</coordinates>
          </Point>
        </Placemark>
        <Placemark>
          <name>ae6845 (Unknown Type)</name>
          <styleUrl>#aircraft</styleUrl>
          <description>Type: Unknown Type&#xA;Hex: ae6845&#xA;Altitude: 32000 ft&#xA;Speed: 0.0 kts&#xA;Heading: 0.0&#xA;Source: adsb.lol</description>
          <Point>
            <coordinates>0,0,32000</coordinates>
          </Point>
        </Placemark>
        <Placemark>
          <name>TEST1234 (Unknown Type)</name>
          <styleUrl>#aircraft</styleUrl>
          <description>Type: Unknown Type&#xA;Callsign: TEST1234&#xA;Hex: 40003e&#xA;Altitude: 0 ft&#xA;Speed: 0.0 kts&#xA;Heading: 0.0&#xA;Source: adsb.lol</description>
          <Point>
            <coordinates>0,0,0</coordinates>
          </Point>
        </Placemark>
        <Placemark>
          <name>ae0687 (KC-135 Stratotanker)</name>
          <styleUrl>#aircraft</styleUrl>
          <description>Type: KC-135 Stratotanker&#xA;Hex: ae0687&#xA;Altitude: 24000 ft&#xA;Speed: 0.0 kts&#xA;Heading: 0.0&#xA;Source: adsb.lol</description>
          <Point>
            <coordinates>0,0,24000</coordinates>
          </Point>
        </Placemark>
        <Placemark>
          <name>ae04bb (KC-135 Stratotanker)</name>
          <styleUrl>#aircraft</styleUrl>
          <description>Type: KC-135 Stratotanker&#xA;Hex: ae04bb&#xA;Altitude: 625 ft&#xA;Speed: 82.0 kts&#xA;Heading: 180.0&#xA;Source: adsb.lol</description>
          <Point>
            <coordinates>-121.400474,38.705206,625</coordinates>
          </Point>
        </Placemark>
        <Placemark>
          <name>RCH657 (C-17 Globemaster III)</name>
          <styleUrl>#aircraft</styleUrl>
          <description>Type: C-17 Globemaster III&#xA;Callsign: RCH657&#xA;Hex: ae119a&#xA;Altitude: 32975 ft&#xA;Speed: 0.0 kts&#xA;Heading: 0.0&#xA;Source: adsb.lol</description>
          <Point>
            <coordinates>-103.09859,38.779725,32975</coordinates>
          </Point>
        </Placemark>
        <Placemark>
          <name>ae0668 (KC-135 Stratotanker)</name>
          <styleUrl>#aircraft</styleUrl>
          <description>Type: KC-135 Stratotanker&#xA;Hex: ae0668&#xA;Altitude: 0 ft&#xA;Speed: 0.0 kts&#xA;Heading: 0.0&#xA;Source: adsb.lol</description>
          <Point>
            <coordinates>-97.259381,37.638986,0</coordinates>
          </Point>
        </Placemark>
        <Placemark>
          <name>VVHK027 (H-60 Black Hawk)</name>
          <styleUrl>#aircraft</styleUrl>
          <description>Type: H-60 Black Hawk&#xA;Callsign: VVHK027&#xA;Hex: ae4fb2&#xA;Altitude: 975 ft&#xA;Speed: 94.9 kts&#xA;Heading: 106.5&#xA;Source: adsb.lol</description>
          <Point>
            <coordinates>-81.430719,30.982842,975</coordinates>
          </Point>
        </Placemark>
        <Placemark>
          <name>ae66d5 (Unknown Type)</name>
          <styleUrl>#aircraft</styleUrl>
          <description>Type: Unknown Type&#xA;Hex: ae66d5&#xA;Altitude: 17575 ft&#xA;Speed: 209.0 kts&#xA;Heading: 109.0&#xA;Source: adsb.lol</description>
          <Point>
            <coordinates>-77.957829,39.47019,17575</coordinates>
          </Point>
        </Placemark>
        <Placemark>
          <name>ae0a37 (H-60 Black Hawk)</name>
          <styleUrl>#aircraft</styleUrl>
          <description>Type: H-60 Black Hawk&#xA;Hex: ae0a37&#xA;Altitude: 0 ft&#xA;Speed: 0.0 kts&#xA;Heading: 0.0&#xA;Source: adsb.lol</description>
          <Point>
            <coordinates>0,0,0</coordinates>
          </Point>
        </Placemark>
        <Placemark>
          <name>RMAF206 (C-130 Hercules)</name>
          <styleUrl>#aircraft</styleUrl>
          <description>Type: C-130 Hercules&#xA;Callsign: RMAF206&#xA;Hex: 020041&#xA;Altitude: 20100 ft&#xA;Speed: 0.0 kts&#xA;Heading: 0.0&#xA;Source: adsb.lol</description>
          <Point>
            <coordinates>0,0,20100</coordinates>
          </Point>
        </Placemark>
        <Placemark>
          <name>C6525 (AS65)</name>
          <styleUrl>#aircraft</styleUrl>
          <description>Type: AS65&#xA;Callsign: C6525&#xA;Hex: ae2673&#xA;Altitude: 475 ft&#xA;Speed: 88.5 kts&#xA;Heading: 193.7&#xA;Source: adsb.lol</description>
          <Point>
            <coordinates>-122.370917,37.661272,475</coordinates>
          </Point>
        </Placemark>
        <Placemark>
          <name>KYOTE16 (H-60 Black Hawk)</name>
          <styleUrl>#aircraft</styleUrl>
          <description>Type: H-60 Black Hawk&#xA;Callsign: KYOTE16&#xA;Hex: ae6a26&#xA;Altitude: 2200 ft&#xA;Speed: 125.0 kts&#xA;Heading: 126.9&#xA;Source: adsb.lol</description>
          <Point>
            <coordinates>-111.696405,33.292099,2200</coordinates>
          </Point>
        </Placemark>
        <Placemark>
          <name>BLCAT62 (BE20)</name>
          <styleUrl>#aircraft</styleUrl>
          <description>Type: BE20&#xA;Callsign: BLCAT62&#xA;Hex: ae06e0&#xA;Altitude: 22000 ft&#xA;Speed: 205.3 kts&#xA;Heading: 252.7&#xA;Source: adsb.lol</description>
          <Point>
            <coordinates>137.259064,35.3535,22000</coordinates>
          </Point>
        </Placemark>
        <Placemark>
          <name>TEST1234 (TWR)</name>
          <styleUrl>#aircraft</styleUrl>
          <description>Type: TWR&#xA;Callsign: TEST1234&#xA;Hex: 400025&#xA;Altitude: 0 ft&#xA;Speed: 0.0 kts&#xA;Heading: 0.0&#xA;Source: adsb.lol</description>
          <Point>
            <coordinates>0,0,0</coordinates>
          </Point>
        </Placemark>
        <Placemark>
          <name>ae67e6 (Unknown Type)</name>
          <styleUrl>#aircraft</styleUrl>
          <description>Type: Unknown Type&#xA;Hex: ae67e6&#xA;Altitude: 33000 ft&#xA;Speed: 481.3 kts&#xA;Heading: 101.3&#xA;Source: adsb.lol</description>
          <Point>
            <coordinates>-119.596745,48.06081,33000</coordinates>
          </Point>
        </Placemark>
        <Placemark>
          <name>JAWS50 (PC12)</name>
          <styleUrl>#aircraft</styleUrl>
          <description>Type: PC12&#xA;Callsign: JAWS50&#xA;Hex: ae5b6d&#xA;Altitude: 21950 ft&#xA;Speed: 193.8 kts&#xA;Heading: 104.0&#xA;Source: adsb.lol</description>
          <Point>
            <coordinates>-95.626318,32.696091,21950</coordinates>
          </Point>
        </Placemark>
        <Placemark>
          <name>FAMUS10 (C-17 Globemaster III)</name>
          <styleUrl>#aircraft</styleUrl>
          <description>Type: C-17 Globemaster III&#xA;Callsign: FAMUS10&#xA;Hex: ae07f0&#xA;Altitude: 34025 ft&#xA;Speed: 207.0 kts&#xA;Heading: 279.0&#xA;Source: adsb.lol</description>
          <Point>
            <coordinates>-90.67575,39.9517,34025</coordinates>
          </Point>
        </Placemark>
        <Placemark>
          <name>HONDA42 (CH-47 Chinook)</name>
          <styleUrl>#aircraft</styleUrl>
          <description>Type: CH-47 Chinook&#xA;Callsign: HONDA42&#xA;Hex: ae5be6&#xA;Altitude: 550 ft&#xA;Speed: 71.2 kts&#xA;Heading: 176.0&#xA;Source: adsb.lol</description>
          <Point>
            <coordinates>-87.500153,36.609421,550</coordinates>
          </Point>
        </Placemark>
        <Placemark>
          <name>MUSL (B212)</name>
          <styleUrl>#aircraft</styleUrl>
          <description>Type: B212&#xA;Callsign: MUSL&#xA;Hex: ae624f&#xA;Altitude: 300 ft&#xA;Speed: 90.3 kts&#xA;Heading: 230.8&#xA;Source: adsb.lol</description>
          <Point>
            <coordinates>-76.8255,38.668523,300</coordinates>
          </Point>
        </Placemark>
        <Placemark>
          <name>ae0568 (C-5M Super Galaxy)</name>
          <styleUrl>#aircraft</styleUrl>
          <description>Type: C-5M Super Galaxy&#xA;Hex: ae0568&#xA;Altitude: 34000 ft&#xA;Speed: 0.0 kts&#xA;Heading: 0.0&#xA;Source: adsb.lol</description>
          <Point>
            <coordinates>0,0,34000</coordinates>
          </Point>
        </Placemark>
        <Placemark>
          <name>SHWK431 (H-60 Black Hawk)</name>
          <styleUrl>#aircraft</styleUrl>
          <description>Type: H-60 Black Hawk&#xA;Callsign: SHWK431&#xA;Hex: ae2bfc&#xA;Altitude: 275 ft&#xA;Speed: 90.1 kts&#xA;Heading: 340.6&#xA;Source: adsb.lol</description>
          <Point>
            <coordinates>-117.305341,33.060049,275</coordinates>
          </Point>
        </Placemark>
        <Placemark>
          <name>LSXX (H-60 Black Hawk)</name>
          <styleUrl>#aircraft</styleUrl>
          <description>Type: H-60 Black Hawk&#xA;Callsign: LSXX&#xA;Hex: ae278c&#xA;Altitude: 150 ft&#xA;Speed: 2.3 kts&#xA;Heading: 296.6&#xA;Source: adsb.lol</description>
          <Point>
            <coordinates>-117.107419,32.565478,150</coordinates>
          </Point>
        </Placemark>
        <Placemark>
          <name>TRON11 (GLF5)</name>
          <styleUrl>#aircraft</styleUrl>
          <description>Type: GLF5&#xA;Callsign: TRON11&#xA;Hex: ae1386&#xA;Altitude: 41000 ft&#xA;Speed: 402.7 kts&#xA;Heading: 354.7&#xA;Source: adsb.lol</description>
          <Point>
            <coordinates>-111.33416,35.102554,41000</coordinates>
          </Point>
        </Placemark>
        <Placemark>
          <name>RCH525 (C-17 Globemaster III)</name>
          <styleUrl>#aircraft</styleUrl>
          <description>Type: C-17 Globemaster III&#xA;Callsign: RCH525&#xA;Hex: ae145a&#xA;Altitude: 30000 ft&#xA;Speed: 225.0 kts&#xA;Heading: 278.0&#xA;Source: adsb.lol</description>
          <Point>
            <coordinates>-104.615297,39.689259,30000</coordinates>
          </Point>
        </Placemark>
        <Placemark>
          <name>ae4af6 (C30J)</name>
          <styleUrl>#aircraft</styleUrl>
          <description>Type: C30J&#xA;Hex: ae4af6&#xA;Altitude: 4800 ft&#xA;Speed: 0.0 kts&#xA;Heading: 0.0&#xA;Source: adsb.lol</description>
          <Point>
            <coordinates>-99.883053,32.4956,4800</coordinates>
          </Point>
        </Placemark>
        <Placemark>
          <name>BB094 (TEX2)</name>
          <styleUrl>#aircraft</styleUrl>
          <description>Type: TEX2&#xA;Callsign: BB094&#xA;Hex: ae2edb&#xA;Altitude: 2025 ft&#xA;Speed: 209.6 kts&#xA;Heading: 156.4&#xA;Source: adsb.lol</description>
          <Point>
            <coordinates>-88.307782,30.602097,2025</coordinates>
          </Point>
        </Placemark>
        <Placemark>
          <name>R08240 (CH-47 Chinook)</name>
          <styleUrl>#aircraft</styleUrl>
          <description>Type: CH-47 Chinook&#xA;Callsign: R08240&#xA;Hex: ae5a2b&#xA;Altitude: 625 ft&#xA;Speed: 103.8 kts&#xA;Heading: 256.6&#xA;Source: adsb.lol</description>
          <Point>
            <coordinates>-87.587215,36.589035,625</coordinates>
          </Point>
        </Placemark>
        <Placemark>
          <name>SDN03 (C680)</name>
          <styleUrl>#aircraft</styleUrl>
          <description>Type: C680&#xA;Callsign: SDN03&#xA;Hex: 0d088b&#xA;Altitude: 41000 ft&#xA;Speed: 433.0 kts&#xA;Heading: 132.9&#xA;Source: adsb.lol</description>
          <Point>
            <coordinates>-105.433858,25.278214,41000</coordinates>
          </Point>
        </Placemark>
        <Placemark>
          <name>SPAR290 (LJ35)</name>
          <styleUrl>#aircraft</styleUrl>
          <description>Type: LJ35&#xA;Callsign: SPAR290&#xA;Hex: ae0192&#xA;Altitude: 200 ft&#xA;Speed: 0.7 kts&#xA;Heading: 0.0&#xA;Source: adsb.lol</description>
          <Point>
            <coordinates>-89.857605,38.535617,200</coordinates>
          </Point>
        </Placemark>
        <Placemark>
          <name>C6051 (H-60 Black Hawk)</name>
          <styleUrl>#aircraft</styleUrl>
          <description>Type: H-60 Black Hawk&#xA;Callsign: C6051&#xA;Hex: ae4e03&#xA;Altitude: 450 ft&#xA;Speed: 38.0 kts&#xA;Heading: 324.6&#xA;Source: adsb.lol</description>
          <Point>
            <coordinates>-88.237628,30.682813,450</coordinates>
          </Point>
        </Placemark>
        <Placemark>
          <name>ae68b8 (D328)</name>
          <styleUrl>#aircraft</styleUrl>
          <description>Type: D328&#xA;Hex: ae68b8&#xA;Altitude: 10975 ft&#xA;Speed: 231.1 kts&#xA;Heading: 1.5&#xA;Source: adsb.lol</description>
          <Point>
            <coordinates>-86.546954,31.395584,10975</coordinates>
          </Point>
        </Placemark>
        <Placemark>
          <name>MUSL (B212)</name>
          <styleUrl>#aircraft</styleUrl>
          <description>Type: B212&#xA;Callsign: MUSL&#xA;Hex: ae6251&#xA;Altitude: 400 ft&#xA;Speed: 79.7 kts&#xA;Heading: 231.1&#xA;Source: adsb.lol</description>
          <Point>
            <coordinates>-77.069885,38.59795,400</coordinates>
          </Point>
        </Placemark>
        <Placemark>
          <name>CDT08 (TEX2)</name>
          <styleUrl>#aircraft</styleUrl>
          <description>Type: TEX2&#xA;Callsign: CDT08&#xA;Hex: c87f28&#xA;Altitude: -200 ft&#xA;Speed: 112.3 kts&#xA;Heading: 289.2&#xA;Source: adsb.lol</description>
          <Point>
            <coordinates>175.3898,-40.206749,-200</coordinates>
          </Point>
        </Placemark>
        <Placemark>
          <name>RCH422 (C-17 Globemaster III)</name>
          <styleUrl>#aircraft</styleUrl>
          <description>Type: C-17 Globemaster III&#xA;Callsign: RCH422&#xA;Hex: ae1471&#xA;Altitude: 36975 ft&#xA;Speed: 486.6 kts&#xA;Heading: 85.4&#xA;Source: adsb.lol</description>
          <Point>
            <coordinates>-108.74561,42.321487,36975</coordinates>
          </Point>
        </Placemark>
        <Placemark>
          <name>SURF04 (H-60 Black Hawk)</name>
          <styleUrl>#aircraft</styleUrl>
          <description>Type: H-60 Black Hawk&#xA;Callsign: SURF04&#xA;Hex: ae564c&#xA;Altitude: 2450 ft&#xA;Speed: 100.3 kts&#xA;Heading: 150.1&#xA;Source: adsb.lol</description>
          <Point>
            <coordinates>-158.052165,21.498801,2450</coordinates>
          </Point>
        </Placemark>
        <Placemark>
          <name>KNIFE84 (H-60 Black Hawk)</name>
          <styleUrl>#aircraft</styleUrl>
          <description>Type: H-60 Black Hawk&#xA;Callsign: KNIFE84&#xA;Hex: ae600f&#xA;Altitude: 125 ft&#xA;Speed: 76.0 kts&#xA;Heading: 54.6&#xA;Source: adsb.lol</description>
          <Point>
            <coordinates>-118.045854,33.792206,125</coordinates>
          </Point>
        </Placemark>
        <Placemark>
          <name>KING76 (C30J)</name>
          <styleUrl>#aircraft</styleUrl>
          <description>Type: C30J&#xA;Callsign: KING76&#xA;Hex: ae5f10&#xA;Altitude: 1825 ft&#xA;Speed: 112.2 kts&#xA;Heading: 320.1&#xA;Source: adsb.lol</description>
          <Point>
            <coordinates>-88.26213,37.24044,1825</coordinates>
          </Point>
        </Placemark>
        <Placemark>
          <name>LY626 (A119)</name>
          <styleUrl>#aircraft</styleUrl>
          <description>Type: A119&#xA;Callsign: LY626&#xA;Hex: ae6d4c&#xA;Altitude: 1675 ft&#xA;Speed: 74.1 kts&#xA;Heading: 356.9&#xA;Source: adsb.lol</description>
          <Point>
            <coordinates>-86.93643,30.606216,1675</coordinates>
          </Point>
        </Placemark>
        <Placemark>
          <name>G21244 (H-60 Black Hawk)</name>
          <styleUrl>#aircraft</styleUrl>
          <description>Type: H-60 Black Hawk&#xA;Callsign: G21244&#xA;Hex: ae77c0&#xA;Altitude: 2400 ft&#xA;Speed: 144.0 kts&#xA;Heading: 304.2&#xA;Source: adsb.lol</description>
          <Point>
            <coordinates>-79.872952,35.39447,2400</coordinates>
          </Point>
        </Placemark>
        <Placemark>
          <name>CHLE786 (PC21)</name>
          <styleUrl>#aircraft</styleUrl>
          <description>Type: PC21&#xA;Callsign: CHLE786&#xA;Hex: 7cf9fb&#xA;Altitude: 1000 ft&#xA;Speed: 159.5 kts&#xA;Heading: 280.1&#xA;Source: adsb.lol</description>
          <Point>
            <coordinates>147.096999,-38.091888,1000</coordinates>
          </Point>
        </Placemark>
        <Placemark>
          <name>AWFUL21 (CH-47 Chinook)</name>
          <styleUrl>#aircraft</styleUrl>
          <description>Type: CH-47 Chinook&#xA;Callsign: AWFUL21&#xA;Hex: ae6d0e&#xA;Altitude: 1150 ft&#xA;Speed: 0.7 kts&#xA;Heading: 0.0&#xA;Source: adsb.lol</description>
          <Point>
            <coordinates>0,0,1150</coordinates>
          </Point>
        </Placemark>
        <Placemark>
          <name>LDACE12 (V-22 Osprey)</name>
          <styleUrl>#aircraft</styleUrl>
          <description>Type: V-22 Osprey&#xA;Callsign: LDACE12&#xA;Hex: ae6aa7&#xA;Altitude: 0 ft&#xA;Speed: 0.0 kts&#xA;Heading: 0.0&#xA;Source: adsb.lol</description>
          <Point>
            <coordinates>-117.149606,32.875179,0</coordinates>
          </Point>
        </Placemark>
        <Placemark>
          <name>MUSL (B212)</name>
          <styleUrl>#aircraft</styleUrl>
          <description>Type: B212&#xA;Callsign: MUSL&#xA;Hex: ae6242&#xA;Altitude: 300 ft&#xA;Speed: 90.3 kts&#xA;Heading: 206.3&#xA;Source: adsb.lol</description>
          <Point>
            <coordinates>-76.830017,38.664706,300</coordinates>
          </Point>
        </Placemark>
        <Placemark>
          <name>TEST1234 (Unknown Type)</name>
          <styleUrl>#aircraft</styleUrl>
          <description>Type: Unknown Type&#xA;Callsign: TEST1234&#xA;Hex: 40000b&#xA;Altitude: 0 ft&#xA;Speed: 0.0 kts&#xA;Heading: 0.0&#xA;Source: adsb.lol</description>
          <Point>
            <coordinates>0,0,0</coordinates>
          </Point>
        </Placemark>
        <Placemark>
          <name>adfa39 (Unknown Type)</name>
          <styleUrl>#aircraft</styleUrl>
          <description>Type: Unknown Type&#xA;Hex: adfa39&#xA;Altitude: 0 ft&#xA;Speed: 0.0 kts&#xA;Heading: 0.0&#xA;Source: adsb.lol</description>
          <Point>
            <coordinates>0,0,0</coordinates>
          </Point>
        </Placemark>
        <Placemark>
          <name>RCH4911 (C-17 Globemaster III)</name>
          <styleUrl>#aircraft</styleUrl>
          <description>Type: C-17 Globemaster III&#xA;Callsign: RCH4911&#xA;Hex: ae1235&#xA;Altitude: 31000 ft&#xA;Speed: 0.0 kts&#xA;Heading: 0.0&#xA;Source: adsb.lol</description>
          <Point>
            <coordinates>0,0,31000</coordinates>
          </Point>
        </Placemark>
        <Placemark>
          <name>adfeb9 (B752)</name>
          <styleUrl>#aircraft</styleUrl>
          <description>Type: B752&#xA;Hex: adfeb9&#xA;Altitude: 33000 ft&#xA;Speed: 225.0 kts&#xA;Heading: 72.0&#xA;Source: adsb.lol</description>
          <Point>
            <coordinates>-147.390584,61.867204,33000</coordinates>
          </Point>
        </Placemark>
        <Placemark>
          <name>R33525 (AH-64 Apache)</name>
          <styleUrl>#aircraft</styleUrl>
          <description>Type: AH-64 Apache&#xA;Callsign: R33525&#xA;Hex: afb8a2&#xA;Altitude: 1500 ft&#xA;Speed: 111.4 kts&#xA;Heading: 196.2&#xA;Source: adsb.lol</description>
          <Point>
            <coordinates>-75.826163,44.207495,1500</coordinates>
          </Point>
        </Placemark>
        <Placemark>
          <name>ROLR44 (PC21)</name>
          <styleUrl>#aircraft</styleUrl>
          <description>Type: PC21&#xA;Callsign: ROLR44&#xA;Hex: 7cf9eb&#xA;Altitude: 15950 ft&#xA;Speed: 333.4 kts&#xA;Heading: 151.1&#xA;Source: adsb.lol</description>
          <Point>
            <coordinates>147.483514,-37.687388,15950</coordinates>
          </Point>
        </Placemark>
        <Placemark>
          <name>ROLR11 (PC21)</name>
          <styleUrl>#aircraft</styleUrl>
          <description>Type: PC21&#xA;Callsign: ROLR11&#xA;Hex: 7cf9ef&#xA;Altitude: 11950 ft&#xA;Speed: 338.7 kts&#xA;Heading: 59.9&#xA;Source: adsb.lol</description>
          <Point>
            <coordinates>147.808364,-37.6772,11950</coordinates>
          </Point>
        </Placemark>
        <Placemark>
          <name>7cf83c (HAWK)</name>
          <styleUrl>#aircraft</styleUrl>
          <description>Type: HAWK&#xA;Hex: 7cf83c&#xA;Altitude: 9075 ft&#xA;Speed: 0.0 kts&#xA;Heading: 0.0&#xA;Source: adsb.lol</description>
          <Point>
            <coordinates>0,0,9075</coordinates>
          </Point>
        </Placemark>
        <Placemark>
          <name>36b094 (Unknown Type)</name>
          <styleUrl>#aircraft</styleUrl>
          <description>Type: Unknown Type&#xA;Hex: 36b094&#xA;Altitude: 0 ft&#xA;Speed: 0.0 kts&#xA;Heading: 0.0&#xA;Source: adsb.lol</description>
          <Point>
            <coordinates>0,0,0</coordinates>
          </Point>
        </Placemark>
        <Placemark>
          <name>R08442 (CH-47 Chinook)</name>
          <styleUrl>#aircraft</styleUrl>
          <description>Type: CH-47 Chinook&#xA;Callsign: R08442&#xA;Hex: ae59a6&#xA;Altitude: 575 ft&#xA;Speed: 37.0 kts&#xA;Heading: 181.6&#xA;Source: adsb.lol</description>
          <Point>
            <coordinates>-87.541634,36.562826,575</coordinates>
          </Point>
        </Placemark>
        <Placemark>
          <name>COSMO06 (GLF4)</name>
          <styleUrl>#aircraft</styleUrl>
          <description>Type: GLF4&#xA;Callsign: COSMO06&#xA;Hex: 87cc01&#xA;Altitude: 8150 ft&#xA;Speed: 270.0 kts&#xA;Heading: 176.8&#xA;Source: adsb.lol</description>
          <Point>
            <coordinates>139.553843,35.796891,8150</coordinates>
          </Point>
        </Placemark>
        <Placemark>
          <name>R20730 (H-60 Black Hawk)</name>
          <styleUrl>#aircraft</styleUrl>
          <description>Type: H-60 Black Hawk&#xA;Callsign: R20730&#xA;Hex: ae5abc&#xA;Altitude: 1025 ft&#xA;Speed: 103.2 kts&#xA;Heading: 305.5&#xA;Source: adsb.lol</description>
          <Point>
            <coordinates>-87.934628,36.614044,1025</coordinates>
          </Point>
        </Placemark>
        <Placemark>
          <name>C6039 (H-60 Black Hawk)</name>
          <styleUrl>#aircraft</styleUrl>
          <description>Type: H-60 Black Hawk&#xA;Callsign: C6039&#xA;Hex: ae2916&#xA;Altitude: 2975 ft&#xA;Speed: 124.6 kts&#xA;Heading: 67.3&#xA;Source: adsb.lol</description>
          <Point>
            <coordinates>-81.763674,26.927673,2975</coordinates>
          </Point>
        </Placemark>
        <Placemark>
          <name>adf992 (Unknown Type)</name>
          <styleUrl>#aircraft</styleUrl>
          <description>Type: Unknown Type&#xA;Hex: adf992&#xA;Altitude: 0 ft&#xA;Speed: 0.0 kts&#xA;Heading: 0.0&#xA;Source: adsb.lol</description>
          <Point>
            <coordinates>0,0,0</coordinates>
          </Point>
        </Placemark>
        <Placemark>
          <name>TEST1234 (Unknown Type)</name>
          <styleUrl>#aircraft</styleUrl>
          <description>Type: Unknown Type&#xA;Callsign: TEST1234&#xA;Hex: 40001c&#xA;Altitude: 0 ft&#xA;Speed: 0.0 kts&#xA;Heading: 0.0&#xA;Source: adsb.lol</description>
          <Point>
            <coordinates>0,0,0</coordinates>
          </Point>
        </Placemark>
        <Placemark>
          <name>ae62de (HAWK)</name>
          <styleUrl>#aircraft</styleUrl>
          <description>Type: HAWK&#xA;Hex: ae62de&#xA;Altitude: 0 ft&#xA;Speed: 291.2 kts&#xA;Heading: 251.4&#xA;Source: adsb.lol</description>
          <Point>
            <coordinates>0,0,0</coordinates>
          </Point>
        </Placemark>
        <Placemark>
          <name>C2701 (C27J)</name>
          <styleUrl>#aircraft</styleUrl>
          <description>Type: C27J&#xA;Callsign: C2701&#xA;Hex: ae2125&#xA;Altitude: 20000 ft&#xA;Speed: 221.8 kts&#xA;Heading: 348.0&#xA;Source: adsb.lol</description>
          <Point>
            <coordinates>-122.398619,40.695361,20000</coordinates>
          </Point>
        </Placemark>
        <Placemark>
          <name>CFC0544 (BE9L)</name>
          <styleUrl>#aircraft</styleUrl>
          <description>Type: BE9L&#xA;Callsign: CFC0544&#xA;Hex: c0204b&#xA;Altitude: 8125 ft&#xA;Speed: 145.1 kts&#xA;Heading: 344.8&#xA;Source: adsb.lol</description>
          <Point>
            <coordinates>-121.618091,41.937378,8125</coordinates>
          </Point>
        </Placemark>
        <Placemark>
          <name>GLET02 (H-60 Black Hawk)</name>
          <styleUrl>#aircraft</styleUrl>
          <description>Type: H-60 Black Hawk&#xA;Callsign: GLET02&#xA;Hex: 7cf9a1&#xA;Altitude: 275 ft&#xA;Speed: 71.6 kts&#xA;Heading: 298.4&#xA;Source: adsb.lol</description>
          <Point>
            <coordinates>150.807645,-34.779968,275</coordinates>
          </Point>
        </Placemark>
        <Placemark>
          <name>af8489 (H53S)</name>
          <styleUrl>#aircraft</styleUrl>
          <description>Type: H53S&#xA;Hex: af8489&#xA;Altitude: 0 ft&#xA;Speed: 0.0 kts&#xA;Heading: 0.0&#xA;Source: adsb.lol</description>
          <Point>
            <coordinates>0,0,0</coordinates>
          </Point>
        </Placemark>
        <Placemark>
          <name>UAF1226 (C-17 Globemaster III)</name>
          <styleUrl>#aircraft</styleUrl>
          <description>Type: C-17 Globemaster III&#xA;Callsign: UAF1226&#xA;Hex: 896c2f&#xA;Altitude: 0 ft&#xA;Speed: 0.0 kts&#xA;Heading: 0.0&#xA;Source: adsb.lol</description>
          <Point>
            <coordinates>0,0,0</coordinates>
          </Point>
        </Placemark>
        <Placemark>
          <name>896636 (B77W)</name>
          <styleUrl>#aircraft</styleUrl>
          <description>Type: B77W&#xA;Hex: 896636&#xA;Altitude: 39000 ft&#xA;Speed: 479.8 kts&#xA;Heading: 94.9&#xA;Source: adsb.lol</description>
          <Point>
            <coordinates>0,0,39000</coordinates>
          </Point>
        </Placemark>
        <Placemark>
          <name>G20695 (H-60 Black Hawk)</name>
          <styleUrl>#aircraft</styleUrl>
          <description>Type: H-60 Black Hawk&#xA;Callsign: G20695&#xA;Hex: ae57a7&#xA;Altitude: 2800 ft&#xA;Speed: 0.7 kts&#xA;Heading: 0.0&#xA;Source: adsb.lol</description>
          <Point>
            <coordinates>-122.51188,44.900162,2800</coordinates>
          </Point>
        </Placemark>
        <Placemark>
          <name>ROCCO12 (B762)</name>
          <styleUrl>#aircraft</styleUrl>
          <description>Type: B762&#xA;Callsign: ROCCO12&#xA;Hex: ae63c8&#xA;Altitude: 23475 ft&#xA;Speed: 0.0 kts&#xA;Heading: 0.0&#xA;Source: adsb.lol</description>
          <Point>
            <coordinates>-72.444645,40.357596,23475</coordinates>
          </Point>
        </Placemark>
        <Placemark>
          <name>RCH313 (C-17 Globemaster III)</name>
          <styleUrl>#aircraft</styleUrl>
          <description>Type: C-17 Globemaster III&#xA;Callsign: RCH313&#xA;Hex: ae07ef&#xA;Altitude: 12025 ft&#xA;Speed: 289.5 kts&#xA;Heading: 275.8&#xA;Source: adsb.lol</description>
          <Point>
            <coordinates>-71.164987,43.189677,12025</coordinates>
          </Point>
        </Placemark>
        <Placemark>
          <name>MAGIC64 (B350)</name>
          <styleUrl>#aircraft</styleUrl>
          <description>Type: B350&#xA;Callsign: MAGIC64&#xA;Hex: ae0f92&#xA;Altitude: 2975 ft&#xA;Speed: 237.6 kts&#xA;Heading: 225.3&#xA;Source: adsb.lol</description>
          <Point>
            <coordinates>127.744826,26.126129,2975</coordinates>
          </Point>
        </Placemark>
        <Placemark>
          <name>ae1859 (CH-47 Chinook)</name>
          <styleUrl>#aircraft</styleUrl>
          <description>Type: CH-47 Chinook&#xA;Hex: ae1859&#xA;Altitude: 0 ft&#xA;Speed: 0.0 kts&#xA;Heading: 0.0&#xA;Source: adsb.lol</description>
          <Point>
            <coordinates>0,0,0</coordinates>
          </Point>
        </Placemark>
        <Placemark>
          <name>RCH5003 (C-17 Globemaster III)</name>
          <styleUrl>#aircraft</styleUrl>
          <description>Type: C-17 Globemaster III&#xA;Callsign: RCH5003&#xA;Hex: ae07dc&#xA;Altitude: 36000 ft&#xA;Speed: 0.0 kts&#xA;Heading: 0.0&#xA;Source: adsb.lol</description>
          <Point>
            <coordinates>0,0,36000</coordinates>
          </Point>
        </Placemark>
        <Placemark>
          <name>SPAR15 (B737)</name>
          <styleUrl>#aircraft</styleUrl>
          <description>Type: B737&#xA;Callsign: SPAR15&#xA;Hex: ae189c&#xA;Altitude: 33000 ft&#xA;Speed: 503.3 kts&#xA;Heading: 49.0&#xA;Source: adsb.lol</description>
          <Point>
            <coordinates>-71.59403,42.241104,33000</coordinates>
          </Point>
        </Placemark>
        <Placemark>
          <name>@@@@@@@@ (Unknown Type)</name>
          <styleUrl>#aircraft</styleUrl>
          <description>Type: Unknown Type&#xA;Callsign: @@@@@@@@&#xA;Hex: ae6828&#xA;Altitude: 28000 ft&#xA;Speed: 0.0 kts&#xA;Heading: 0.0&#xA;Source: adsb.lol</description>
          <Point>
            <coordinates>20.184513,41.969691,28000</coordinates>
          </Point>
        </Placemark>
        <Placemark>
          <name>R20301 (H-60 Black Hawk)</name>
          <styleUrl>#aircraft</styleUrl>
          <description>Type: H-60 Black Hawk&#xA;Callsign: R20301&#xA;Hex: ae5117&#xA;Altitude: 1875 ft&#xA;Speed: 107.2 kts&#xA;Heading: 70.4&#xA;Source: adsb.lol</description>
          <Point>
            <coordinates>-112.729999,33.050812,1875</coordinates>
          </Point>
        </Placemark>
        <Placemark>
          <name>BURNY03 (T-38 Talon)</name>
          <styleUrl>#aircraft</styleUrl>
          <description>Type: T-38 Talon&#xA;Callsign: BURNY03&#xA;Hex: ae0079&#xA;Altitude: 14200 ft&#xA;Speed: 385.4 kts&#xA;Heading: 315.3&#xA;Source: adsb.lol</description>
          <Point>
            <coordinates>-101.234665,35.101784,14200</coordinates>
          </Point>
        </Placemark>
        <Placemark>
          <name>HAWG11 (C-130 Hercules)</name>
          <styleUrl>#aircraft</styleUrl>
          <description>Type: C-130 Hercules&#xA;Callsign: HAWG11&#xA;Hex: adfe65&#xA;Altitude: 1700 ft&#xA;Speed: 230.7 kts&#xA;Heading: 278.7&#xA;Source: adsb.lol</description>
          <Point>
            <coordinates>-92.367668,35.332123,1700</coordinates>
          </Point>
        </Placemark>
        <Placemark>
          <name>C2301 (CN35)</name>
          <styleUrl>#aircraft</styleUrl>
          <description>Type: CN35&#xA;Callsign: C2301&#xA;Hex: ae2237&#xA;Altitude: 1325 ft&#xA;Speed: 157.0 kts&#xA;Heading: 296.1&#xA;Source: adsb.lol</description>
          <Point>
            <coordinates>-80.252592,25.935741,1325</coordinates>
          </Point>
        </Placemark>
        <Placemark>
          <name>C101 (GLF5)</name>
          <styleUrl>#aircraft</styleUrl>
          <description>Type: GLF5&#xA;Callsign: C101&#xA;Hex: ae10c1&#xA;Altitude: 2000 ft&#xA;Speed: 143.5 kts&#xA;Heading: 355.2&#xA;Source: adsb.lol</description>
          <Point>
            <coordinates>-77.025696,38.730577,2000</coordinates>
          </Point>
        </Placemark>
        <Placemark>
          <name>ae602d (H-60 Black Hawk)</name>
          <styleUrl>#aircraft</styleUrl>
          <description>Type: H-60 Black Hawk&#xA;Hex: ae602d&#xA;Altitude: 0 ft&#xA;Speed: 0.0 kts&#xA;Heading: 0.0&#xA;Source: adsb.lol</description>
          <Point>
            <coordinates>0,0,0</coordinates>
          </Point>
        </Placemark>
        <Placemark>
          <name>R08484 (CH-47 Chinook)</name>
          <styleUrl>#aircraft</styleUrl>
          <description>Type: CH-47 Chinook&#xA;Callsign: R08484&#xA;Hex: ae699c&#xA;Altitude: 1150 ft&#xA;Speed: 104.8 kts&#xA;Heading: 60.3&#xA;Source: adsb.lol</description>
          <Point>
            <coordinates>-76.013947,43.958906,1150</coordinates>
          </Point>
        </Placemark>
        <Placemark>
          <name>C6502 (AS65)</name>
          <styleUrl>#aircraft</styleUrl>
          <description>Type: AS65&#xA;Callsign: C6502&#xA;Hex: ae265c&#xA;Altitude: -75 ft&#xA;Speed: 1.6 kts&#xA;Heading: 135.0&#xA;Source: adsb.lol</description>
          <Point>
            <coordinates>-74.525219,39.296722,-75</coordinates>
          </Point>
        </Placemark>
        <Placemark>
          <name>STGRY31 (BE20)</name>
          <styleUrl>#aircraft</styleUrl>
          <description>Type: BE20&#xA;Callsign: STGRY31&#xA;Hex: afa195&#xA;Altitude: 6975 ft&#xA;Speed: 151.4 kts&#xA;Heading: 15.3&#xA;Source: adsb.lol</description>
          <Point>
            <coordinates>-96.783371,29.263687,6975</coordinates>
          </Point>
        </Placemark>
        <Placemark>
          <name>STGRY64 (BE20)</name>
          <styleUrl>#aircraft</styleUrl>
          <description>Type: BE20&#xA;Callsign: STGRY64&#xA;Hex: aedabb&#xA;Altitude: 9950 ft&#xA;Speed: 183.6 kts&#xA;Heading: 194.2&#xA;Source: adsb.lol</description>
          <Point>
            <coordinates>-96.651693,29.797028,9950</coordinates>
          </Point>
        </Placemark>
      </Folder>
    </Folder>
    <Folder>
      <name>Bases (84 tracked)</name>
      <Placemark>
        <name>Ramstein Air Base</name>
        <styleUrl>#base</styleUrl>
        <description>Branch: Air Force&#xA;Country: Germany&#xA;Type: air_base</description>
        <Point>
          <coordinates>7.6003,49.4369,0</coordinates>
        </Point>
      </Placemark>
      <Placemark>
        <name>Incirlik Air Base</name>
        <styleUrl>#base</styleUrl>
        <description>Branch: Air Force&#xA;Country: Turkey&#xA;Type: air_base</description>
        <Point>
          <coordinates>35.4259,37.0021,0</coordinates>
        </Point>
      </Placemark>
      <Placemark>
        <name>Aviano Air Base</name>
        <styleUrl>#base</styleUrl>
        <description>Branch: Air Force&#xA;Country: Italy&#xA;Type: air_base</description>
        <Point>
          <coordinates>12.5965,46.0319,0</coordinates>
        </Point>
      </Placemark>
      <Placemark>
        <name>Kadena Air Base</name>
        <styleUrl>#base</styleUrl>
        <description>Branch: Air Force&#xA;Country: Japan&#xA;Type: air_base</description>
        <Point>
          <coordinates>127.7696,26.3516,0</coordinates>
        </Point>
      </Placemark>
      <Placemark>
        <name>Misawa Air Base</name>
        <styleUrl>#base</styleUrl>
        <description>Branch: Air Force&#xA;Country: Japan&#xA;Type: air_base</description>
        <Point>
          <coordinates>141.3686,40.7032,0</coordinates>
        </Point>
      </Placemark>
      <Placemark>
        <name>Osan Air Base</name>
        <styleUrl>#base</styleUrl>
        <description>Branch: Air Force&#xA;Country: South Korea&#xA;Type: air_base</description>
        <Point>
          <coordinates>127.0296,37.0901,0</coordinates>
        </Point>
      </Placemark>
      <Placemark>
        <name>Al Udeid Air Base</name>
        <styleUrl>#base</styleUrl>
        <description>Branch: Air Force&#xA;Country: Qatar&#xA;Type: air_base</description>
        <Point>
          <coordinates>51.315,25.1174,0</coordinates>
        </Point>
      </Placemark>
      <Placemark>
        <name>Thule Air Base</name>
        <styleUrl>#base</styleUrl>
        <description>Branch: Air Force&#xA;Country: Greenland&#xA;Type: air_base</description>
        <Point>
          <coordinates>-68.7031,76.5312,0</coordinates>
        </Point>
      </Placemark>
      <Placemark>
        <name>Diego Garcia</name>
        <styleUrl>#base</styleUrl>
        <description>Branch: Air Force&#xA;Country: British Indian Ocean Territory&#xA;Type: air_base</description>
        <Point>
          <coordinates>72.4111,-7.3133,0</coordinates>
        </Point>
      </Placemark>
      <Placemark>
        <name>Lajes Field</name>
        <styleUrl>#base</styleUrl>
        <description>Branch: Air Force&#xA;Country: Portugal&#xA;Type: air_base</description>
        <Point>
          <coordinates>-27.0909,38.7618,0</coordinates>
        </Point>
      </Placemark>
      <Placemark>
        <name>RAF Lakenheath</name>
        <styleUrl>#base</styleUrl>
        <description>Branch: Air Force&#xA;Country: United Kingdom&#xA;Type: air_base</description>
        <Point>
          <coordinates>0.5609,52.4093,0</coordinates>
        </Point>
      </Placemark>
      <Placemark>
        <name>RAF Mildenhall</name>
        <styleUrl>#base</styleUrl>
        <description>Branch: Air Force&#xA;Country: United Kingdom&#xA;Type: air_base</description>
        <Point>
          <coordinates>0.4864,52.3612,0</coordinates>
        </Point>
      </Placemark>
      <Placemark>
        <name>Spangdahlem Air Base</name>
        <styleUrl>#base</styleUrl>
        <description>Branch: Air Force&#xA;Country: Germany&#xA;Type: air_base</description>
        <Point>
          <coordinates>6.6925,49.9726,0</coordinates>
        </Point>
      </Placemark>
      <Placemark>
        <name>Kunsan Air Base</name>
        <styleUrl>#base</styleUrl>
        <description>Branch: Air Force&#xA;Country: South Korea&#xA;Type: air_base</description>
        <Point>
          <coordinates>126.616,35.9038,0</coordinates>
        </Point>
      </Placemark>
      <Placemark>
        <name>Yokota Air Base</name>
        <styleUrl>#base</styleUrl>
        <description>Branch: Air Force&#xA;Country: Japan&#xA;Type: air_base</description>
        <Point>
          <coordinates>139.3486,35.7485,0</coordinates>
        </Point>
      </Placemark>
      <Placemark>
        <name>Andersen Air Force Base</name>
        <styleUrl>#base</styleUrl>
        <description>Branch: Air Force&#xA;Country: Guam&#xA;Type: air_base</description>
        <Point>
          <coordinates>144.9248,13.584,0</coordinates>
        </Point>
      </Placemark>
      <Placemark>
        <name>Eielson Air Force Base</name>
        <styleUrl>#base</styleUrl>
        <description>Branch: Air Force&#xA;Country: United States&#xA;Type: air_base</description>
        <Point>
          <coordinates>-147.1014,64.6658,0</coordinates>
        </Point>
      </Placemark>
      <Placemark>
        <name>Al Dhafra Air Base</name>
        <styleUrl>#base</styleUrl>
        <description>Branch: Air Force&#xA;Country: United Arab Emirates&#xA;Type: air_base</description>
        <Point>
          <coordinates>54.5476,24.2482,0</coordinates>
        </Point>
      </Placemark>
      <Placemark>
        <name>MacDill Air Force Base</name>
        <styleUrl>#base</styleUrl>
        <description>Branch: Air Force&#xA;Country: United States&#xA;Type: air_base</description>
        <Point>
          <coordinates>-82.5212,27.8491,0</coordinates>
        </Point>
      </Placemark>
      <Placemark>
        <name>Offutt Air Force Base</name>
        <styleUrl>#base</styleUrl>
        <description>Branch: Air Force&#xA;Country: United States&#xA;Type: air_base</description>
        <Point>
          <coordinates>-95.9127,41.1183,0</coordinates>
        </Point>
      </Placemark>
      <Placemark>
        <name>Nellis Air Force Base</name>
        <styleUrl>#base</styleUrl>
        <description>Branch: Air Force&#xA;Country: United States&#xA;Type: air_base</description>
        <Point>
          <coordinates>-115.034,36.236,0</coordinates>
        </Point>
      </Placemark>
      <Placemark>
        <name>Luke Air Force Base</name>
        <styleUrl>#base</styleUrl>
        <description>Branch: Air Force&#xA;Country: United States&#xA;Type: air_base</description>
        <Point>
          <coordinates>-112.383,33.5352,0</coordinates>
        </Point>
      </Placemark>
      <Placemark>
        <name>Whiteman Air Force Base</name>
        <styleUrl>#base</styleUrl>
        <description>Branch: Air Force&#xA;Country: United States&#xA;Type: air_base</description>
        <Point>
          <coordinates>-93.5479,38.7303,0</coordinates>
        </Point>
      </Placemark>
      <Placemark>
        <name>Barksdale Air Force Base</name>
        <styleUrl>#base</styleUrl>
        <description>Branch: Air Force&#xA;Country: United States&#xA;Type: air_base</description>
        <Point>
          <coordinates>-93.6627,32.5013,0</coordinates>
        </Point>
      </Placemark>
      <Placemark>
        <name>Tinker Air Force Base</name>
        <styleUrl>#base</styleUrl>
        <description>Branch: Air Force&#xA;Country: United States&#xA;Type: air_base</description>
        <Point>
          <coordinates>-97.3866,35.4147,0</coordinates>
        </Point>
      </Placemark>
      <Placemark>
        <name>RAF Fairford</name>
        <styleUrl>#base</styleUrl>
        <description>Branch: Air Force&#xA;Country: United Kingdom&#xA;Type: air_base</description>
        <Point>
          <coordinates>-1.7901,51.6822,0</coordinates>
        </Point>
      </Placemark>
      <Placemark>
        <name>Mihail Kogalniceanu Air Base</name>
        <styleUrl>#base</styleUrl>
        <description>Branch: Air Force&#xA;Country: Romania&#xA;Type: air_base</description>
        <Point>
          <coordinates>28.4413,44.3622,0</coordinates>
        </Point>
      </Placemark>
      <Placemark>
        <name>Prince Sultan Air Base</name>
        <styleUrl>#base</styleUrl>
        <description>Branch: Air Force&#xA;Country: Saudi Arabia&#xA;Type: air_base</description>
        <Point>
          <coordinates>47.5802,24.0627,0</coordinates>
        </Point>
      </Placemark>
      <Placemark>
        <name>Ali Al Salem Air Base</name>
        <styleUrl>#base</styleUrl>
        <description>Branch: Air Force&#xA;Country: Kuwait&#xA;Type: air_base</description>
        <Point>
          <coordinates>47.5211,29.3467,0</coordinates>
        </Point>
      </Placemark>
      <Placemark>
        <name>Al Asad Air Base</name>
        <styleUrl>#base</styleUrl>
        <description>Branch: Air Force&#xA;Country: Iraq&#xA;Type: air_base</description>
        <Point>
          <coordinates>42.4412,33.7856,0</coordinates>
        </Point>
      </Placemark>
      <Placemark>
        <name>Naval Station Yokosuka</name>
        <styleUrl>#base</styleUrl>
        <description>Branch: Navy&#xA;Country: Japan&#xA;Type: naval_base</description>
        <Point>
          <coordinates>139.6692,35.2833,0</coordinates>
        </Point>
      </Placemark>
      <Placemark>
        <name>Fleet Activities Sasebo</name>
        <styleUrl>#base</styleUrl>
        <description>Branch: Navy&#xA;Country: Japan&#xA;Type: naval_base</description>
        <Point>
          <coordinates>129.7151,33.1596,0</coordinates>
        </Point>
      </Placemark>
      <Placemark>
        <name>Naval Station Rota</name>
        <styleUrl>#base</styleUrl>
        <description>Branch: Navy&#xA;Country: Spain&#xA;Type: naval_base</description>
        <Point>
          <coordinates>-6.3494,36.6391,0</coordinates>
        </Point>
      </Placemark>
      <Placemark>
        <name>Naval Support Activity Bahrain</name>
        <styleUrl>#base</styleUrl>
        <description>Branch: Navy&#xA;Country: Bahrain&#xA;Type: naval_base</description>
        <Point>
          <coordinates>50.6065,26.2361,0</coordinates>
        </Point>
      </Placemark>
      <Placemark>
        <name>Naval Base Guam</name>
        <styleUrl>#base</styleUrl>
        <description>Branch: Navy&#xA;Country: Guam&#xA;Type: naval_base</description>
        <Point>
          <coordinates>144.653,13.4443,0</coordinates>
        </Point>
      </Placemark>
      <Placemark>
        <name>Naval Station Norfolk</name>
        <styleUrl>#base</styleUrl>
        <description>Branch: Navy&#xA;Country: United States&#xA;Type: naval_base</description>
        <Point>
          <coordinates>-76.3126,36.9466,0</coordinates>
        </Point>
      </Placemark>
      <Placemark>
        <name>Naval Base San Diego</name>
        <styleUrl>#base</styleUrl>
        <description>Branch: Navy&#xA;Country: United States&#xA;Type: naval_base</description>
        <Point>
          <coordinates>-117.129,32.6837,0</coordinates>
        </Point>
      </Placemark>
      <Placemark>
        <name>Joint Base Pearl Harbor-Hickam</name>
        <styleUrl>#base</styleUrl>
        <description>Branch: Navy&#xA;Country: United States&#xA;Type: naval_base</description>
        <Point>
          <coordinates>-157.9741,21.3469,0</coordinates>
        </Point>
      </Placemark>
      <Placemark>
        <name>Naval Air Station Sigonella</name>
        <styleUrl>#base</styleUrl>
        <description>Branch: Navy&#xA;Country: Italy&#xA;Type: naval_base</description>
        <Point>
          <coordinates>14.9222,37.4017,0</coordinates>
        </Point>
      </Placemark>
      <Placemark>
        <name>Naval Support Activity Naples</name>
        <styleUrl>#base</styleUrl>
        <description>Branch: Navy&#xA;Country: Italy&#xA;Type: naval_base</description>
        <Point>
          <coordinates>14.1681,40.8186,0</coordinates>
        </Point>
      </Placemark>
      <Placemark>
        <name>Naval Support Activity Souda Bay</name>
        <styleUrl>#base</styleUrl>
        <description>Branch: Navy&#xA;Country: Greece&#xA;Type: naval_base</description>
        <Point>
          <coordinates>24.1186,35.487,0</coordinates>
        </Point>
      </Placemark>
      <Placemark>
        <name>Naval Station Mayport</name>
        <styleUrl>#base</styleUrl>
        <description>Branch: Navy&#xA;Country: United States&#xA;Type: naval_base</description>
        <Point>
          <coordinates>-81.43,30.3917,0</coordinates>
        </Point>
      </Placemark>
      <Placemark>
        <name>Naval Submarine Base Kings Bay</name>
        <styleUrl>#base</styleUrl>
        <description>Branch: Navy&#xA;Country: United States&#xA;Type: naval_base</description>
        <Point>
          <coordinates>-81.5622,30.796,0</coordinates>
        </Point>
      </Placemark>
      <Placemark>
        <name>Naval Base Kitsap</name>
        <styleUrl>#base</styleUrl>
        <description>Branch: Navy&#xA;Country: United States&#xA;Type: naval_base</description>
        <Point>
          <coordinates>-122.6543,47.5645,0</coordinates>
        </Point>
      </Placemark>
      <Placemark>
        <name>Sembawang Wharves</name>
        <styleUrl>#base</styleUrl>
        <description>Branch: Navy&#xA;Country: Singapore&#xA;Type: naval_base</description>
        <Point>
          <coordinates>103.8254,1.458,0</coordinates>
        </Point>
      </Placemark>
      <Placemark>
        <name>Naval Air Station North Island</name>
        <styleUrl>#base</styleUrl>
        <description>Branch: Navy&#xA;Country: United States&#xA;Type: naval_base</description>
        <Point>
          <coordinates>-117.2093,32.6992,0</coordinates>
        </Point>
      </Placemark>
      <Placemark>
        <name>Naval Air Station Pensacola</name>
        <styleUrl>#base</styleUrl>
        <description>Branch: Navy&#xA;Country: United States&#xA;Type: naval_base</description>
        <Point>
          <coordinates>-87.3186,30.3526,0</coordinates>
        </Point>
      </Placemark>
      <Placemark>
        <name>Naval Air Station Oceana</name>
        <styleUrl>#base</styleUrl>
        <description>Branch: Navy&#xA;Country: United States&#xA;Type: naval_base</description>
        <Point>
          <coordinates>-76.0334,36.8207,0</coordinates>
        </Point>
      </Placemark>
      <Placemark>
        <name>Naval Station Newport</name>
        <styleUrl>#base</styleUrl>
        <description>Branch: Navy&#xA;Country: United States&#xA;Type: naval_base</description>
        <Point>
          <coordinates>-71.326,41.5107,0</coordinates>
        </Point>
      </Placemark>
      <Placemark>
        <name>Naval Station Everett</name>
        <styleUrl>#base</styleUrl>
        <description>Branch: Navy&#xA;Country: United States&#xA;Type: naval_base</description>
        <Point>
          <coordinates>-122.2086,48.0054,0</coordinates>
        </Point>
      </Placemark>
      <Placemark>
        <name>Camp Humphreys</name>
        <styleUrl>#base</styleUrl>
        <description>Branch: Army&#xA;Country: South Korea&#xA;Type: army_base</description>
        <Point>
          <coordinates>127.0311,36.9627,0</coordinates>
        </Point>
      </Placemark>
      <Placemark>
        <name>Grafenwoehr Training Area</name>
        <styleUrl>#base</styleUrl>
        <description>Branch: Army&#xA;Country: Germany&#xA;Type: army_base</description>
        <Point>
          <coordinates>11.9408,49.6833,0</coordinates>
        </Point>
      </Placemark>
      <Placemark>
        <name>Camp Arifjan</name>
        <styleUrl>#base</styleUrl>
        <description>Branch: Army&#xA;Country: Kuwait&#xA;Type: army_base</description>
        <Point>
          <coordinates>48.0989,28.94,0</coordinates>
        </Point>
      </Placemark>
      <Placemark>
        <name>USAG Wiesbaden</name>
        <styleUrl>#base</styleUrl>
        <description>Branch: Army&#xA;Country: Germany&#xA;Type: army_base</description>
        <Point>
          <coordinates>8.328,50.0496,0</coordinates>
        </Point>
      </Placemark>
      <Placemark>
        <name>USAG Stuttgart</name>
        <styleUrl>#base</styleUrl>
        <description>Branch: Army&#xA;Country: Germany&#xA;Type: army_base</description>
        <Point>
          <coordinates>9.0745,48.727,0</coordinates>
        </Point>
      </Placemark>
      <Placemark>
        <name>Camp Casey</name>
        <styleUrl>#base</styleUrl>
        <description>Branch: Army&#xA;Country: South Korea&#xA;Type: army_base</description>
        <Point>
          <coordinates>127.0556,37.9097,0</coordinates>
        </Point>
      </Placemark>
      <Placemark>
        <name>USAG Ansbach</name>
        <styleUrl>#base</styleUrl>
        <description>Branch: Army&#xA;Country: Germany&#xA;Type: army_base</description>
        <Point>
          <coordinates>10.5906,49.2955,0</coordinates>
        </Point>
      </Placemark>
      <Placemark>
        <name>USAG Bavaria (Vilseck)</name>
        <styleUrl>#base</styleUrl>
        <description>Branch: Army&#xA;Country: Germany&#xA;Type: army_base</description>
        <Point>
          <coordinates>11.8066,49.6156,0</coordinates>
        </Point>
      </Placemark>
      <Placemark>
        <name>Camp Zama</name>
        <styleUrl>#base</styleUrl>
        <description>Branch: Army&#xA;Country: Japan&#xA;Type: army_base</description>
        <Point>
          <coordinates>139.3931,35.4827,0</coordinates>
        </Point>
      </Placemark>
      <Placemark>
        <name>Fort Shafter</name>
        <styleUrl>#base</styleUrl>
        <description>Branch: Army&#xA;Country: United States&#xA;Type: army_base</description>
        <Point>
          <coordinates>-157.879,21.345,0</coordinates>
        </Point>
      </Placemark>
      <Placemark>
        <name>Fort Liberty</name>
        <styleUrl>#base</styleUrl>
        <description>Branch: Army&#xA;Country: United States&#xA;Type: army_base</description>
        <Point>
          <coordinates>-79.0064,35.139,0</coordinates>
        </Point>
      </Placemark>
      <Placemark>
        <name>Fort Cavazos</name>
        <styleUrl>#base</styleUrl>
        <description>Branch: Army&#xA;Country: United States&#xA;Type: army_base</description>
        <Point>
          <coordinates>-97.7756,31.1348,0</coordinates>
        </Point>
      </Placemark>
      <Placemark>
        <name>Fort Moore</name>
        <styleUrl>#base</styleUrl>
        <description>Branch: Army&#xA;Country: United States&#xA;Type: army_base</description>
        <Point>
          <coordinates>-84.9488,32.3593,0</coordinates>
        </Point>
      </Placemark>
      <Placemark>
        <name>Fort Campbell</name>
        <styleUrl>#base</styleUrl>
        <description>Branch: Army&#xA;Country: United States&#xA;Type: army_base</description>
        <Point>
          <coordinates>-87.4747,36.6603,0</coordinates>
        </Point>
      </Placemark>
      <Placemark>
        <name>Fort Stewart</name>
        <styleUrl>#base</styleUrl>
        <description>Branch: Army&#xA;Country: United States&#xA;Type: army_base</description>
        <Point>
          <coordinates>-81.6095,31.8691,0</coordinates>
        </Point>
      </Placemark>
      <Placemark>
        <name>Fort Drum</name>
        <styleUrl>#base</styleUrl>
        <description>Branch: Army&#xA;Country: United States&#xA;Type: army_base</description>
        <Point>
          <coordinates>-75.7586,44.0553,0</coordinates>
        </Point>
      </Placemark>
      <Placemark>
        <name>Schofield Barracks</name>
        <styleUrl>#base</styleUrl>
        <description>Branch: Army&#xA;Country: United States&#xA;Type: army_base</description>
        <Point>
          <coordinates>-158.0651,21.4937,0</coordinates>
        </Point>
      </Placemark>
      <Placemark>
        <name>Camp Butler (Marine Corps Installations Pacific)</name>
        <styleUrl>#base</styleUrl>
        <description>Branch: Marines&#xA;Country: Japan&#xA;Type: marine_base</description>
        <Point>
          <coordinates>127.7624,26.4854,0</coordinates>
        </Point>
      </Placemark>
      <Placemark>
        <name>Camp Pendleton</name>
        <styleUrl>#base</styleUrl>
        <description>Branch: Marines&#xA;Country: United States&#xA;Type: marine_base</description>
        <Point>
          <coordinates>-117.3557,33.3034,0</coordinates>
        </Point>
      </Placemark>
      <Placemark>
        <name>Marine Corps Air Station Iwakuni</name>
        <styleUrl>#base</styleUrl>
        <description>Branch: Marines&#xA;Country: Japan&#xA;Type: marine_base</description>
        <Point>
          <coordinates>132.236,34.144,0</coordinates>
        </Point>
      </Placemark>
      <Placemark>
        <name>Camp Lejeune</name>
        <styleUrl>#base</styleUrl>
        <description>Branch: Marines&#xA;Country: United States&#xA;Type: marine_base</description>
        <Point>
          <coordinates>-77.3842,34.6271,0</coordinates>
        </Point>
      </Placemark>
      <Placemark>
        <name>MCAS Cherry Point</name>
        <styleUrl>#base</styleUrl>
        <description>Branch: Marines&#xA;Country: United States&#xA;Type: marine_base</description>
        <Point>
          <coordinates>-76.8806,34.9008,0</coordinates>
        </Point>
      </Placemark>
      <Placemark>
        <name>Marine Corps Base Hawaii (Kaneohe Bay)</name>
        <styleUrl>#base</styleUrl>
        <description>Branch: Marines&#xA;Country: United States&#xA;Type: marine_base</description>
        <Point>
          <coordinates>-157.7681,21.4504,0</coordinates>
        </Point>
      </Placemark>
      <Placemark>
        <name>MCAS Futenma</name>
        <styleUrl>#base</styleUrl>
        <description>Branch: Marines&#xA;Country: Japan&#xA;Type: marine_base</description>
        <Point>
          <coordinates>127.7564,26.2743,0</coordinates>
        </Point>
      </Placemark>
      <Placemark>
        <name>MCAS Miramar</name>
        <styleUrl>#base</styleUrl>
        <description>Branch: Marines&#xA;Country: United States&#xA;Type: marine_base</description>
        <Point>
          <coordinates>-117.1424,32.8684,0</coordinates>
        </Point>
      </Placemark>
      <Placemark>
        <name>Camp Lemonnier</name>
        <styleUrl>#base</styleUrl>
        <description>Branch: Joint&#xA;Country: Djibouti&#xA;Type: joint_base</description>
        <Point>
          <coordinates>43.1546,11.5467,0</coordinates>
        </Point>
      </Placemark>
      <Placemark>
        <name>Joint Base Elmendorf-Richardson</name>
        <styleUrl>#base</styleUrl>
        <description>Branch: Joint&#xA;Country: United States&#xA;Type: joint_base</description>
        <Point>
          <coordinates>-149.8064,61.25,0</coordinates>
        </Point>
      </Placemark>
      <Placemark>
        <name>Camp Bondsteel</name>
        <styleUrl>#base</styleUrl>
        <description>Branch: Joint&#xA;Country: Kosovo&#xA;Type: joint_base</description>
        <Point>
          <coordinates>21.2478,42.3654,0</coordinates>
        </Point>
      </Placemark>
      <Placemark>
        <name>Morón Air Base</name>
        <styleUrl>#base</styleUrl>
        <description>Branch: Joint&#xA;Country: Spain&#xA;Type: joint_base</description>
        <Point>
          <coordinates>-5.6162,37.1749,0</coordinates>
        </Point>
      </Placemark>
      <Placemark>
        <name>Joint Base Lewis-McChord</name>
        <styleUrl>#base</styleUrl>
        <description>Branch: Joint&#xA;Country: United States&#xA;Type: joint_base</description>
        <Point>
          <coordinates>-122.5795,47.0877,0</coordinates>
        </Point>
      </Placemark>
      <Placemark>
        <name>Joint Base Charleston</name>
        <styleUrl>#base</styleUrl>
        <description>Branch: Joint&#xA;Country: United States&#xA;Type: joint_base</description>
        <Point>
          <coordinates>-80.0407,32.8963,0</coordinates>
        </Point>
      </Placemark>
      <Placemark>
        <name>Joint Base Andrews</name>
        <styleUrl>#base</styleUrl>
        <description>Branch: Joint&#xA;Country: United States&#xA;Type: joint_base</description>
        <Point>
          <coordinates>-76.866,38.8108,0</coordinates>
        </Point>
      </Placemark>
      <Placemark>
        <name>Joint Base Langley-Eustis</name>
        <styleUrl>#base</styleUrl>
        <description>Branch: Joint&#xA;Country: United States&#xA;Type: joint_base</description>
        <Point>
          <coordinates>-76.3605,37.0832,0</coordinates>
        </Point>
      </Placemark>
      <Placemark>
        <name>Joint Base San Antonio</name>
        <styleUrl>#base</styleUrl>
        <description>Branch: Joint&#xA;Country: United States&#xA;Type: joint_base</description>
        <Point>
          <coordinates>-98.2783,29.5312,0</coordinates>
        </Point>
      </Placemark>
    </Folder>
  </Document>
</kml>